timestamp,HDGmE,HDGmF,HDGt,COGt,SOG,ROLL,TWA,Tack/Gybe,PointOfSail,MFIT,MAGB,MINCL,hdgme_rollstd,dev_deg,heading_bin_30
2026-08-26 19:00:57,19.5,,61.7,39.4,13.5,-2.2,148.0,Star,Run,,,,2.507621161777282,19.900000000000006,0
2026-08-26 19:00:58,20.6,59.6,63.2,39.9,13.2,,146.0,Star,Run,,,,2.4853464554737745,19.30000000000001,0
2026-08-26 19:00:59,21.1,61.2,64.0,40.8,13.4,-2.5,145.0,Star,Run,,,,1.9767444087065877,19.69999999999999,0
2026-08-26 19:01:00,21.6,62.0,,42.8,13.2,-2.9,143.0,Star,Run,7.2209,48.092,63.8833,1.9767444087062187,21.19999999999999,0
2026-08-26 19:01:01,21.6,62.2,64.5,44.3,14.1,-3.8,144.0,Star,Run,,,,2.267818640044141,22.69999999999999,0
2026-08-26 19:01:02,21.4,60.9,63.6,43.6,14.2,-3.8,142.0,Star,Run,,,,2.752073139086338,22.19999999999999,0
2026-08-26 19:01:03,21.5,58.6,61.5,40.2,14.0,-2.2,,Star,Run,,,,2.801835069381636,18.69999999999999,0
2026-08-26 19:01:15,27.0,65.8,68.1,50.1,13.5,-2.8,141.0,Star,Run,,,,2.9542728631647672,23.099999999999994,0
2026-08-26 19:01:16,27.8,63.6,66.7,49.3,13.8,-3.6,139.0,Star,Run,7.2212,48.092,63.2373,2.8792088926566,21.5,0
2026-08-26 19:01:17,29.0,60.4,62.8,44.6,13.7,-1.5,142.0,Star,Run,,,,2.7333342092958186,15.599999999999994,0
2026-08-26 19:01:18,26.2,,63.3,44.0,13.7,-0.5,137.0,Star,Run,,,,2.739520337230433,17.80000000000001,0
2026-08-26 19:01:19,25.4,60.9,61.1,41.6,13.5,-2.3,137.0,Star,Run,,,,2.6131584161745653,16.19999999999999,0
2026-08-26 19:01:20,23.0,58.2,,39.5,13.3,0.6,140.0,Star,Run,7.2213,48.092,62.9123,2.586339616576979,16.5,0
2026-08-26 19:01:21,23.1,58.0,60.2,37.9,12.6,,140.0,Star,Run,,,,2.7567245691794002,14.800000000000011,0
2026-08-26 19:01:22,23.3,59.0,61.2,37.8,12.0,1.1,138.0,Star,Run,,,,2.812265862313441,14.5,0
2026-08-26 19:01:25,23.5,65.1,66.7,39.6,11.1,-3.8,135.0,Star,Run,,,,2.7019767875738503,16.099999999999994,0
2026-08-26 19:01:26,26.3,67.0,69.1,46.4,11.7,-5.6,137.0,Star,Run,,,,2.755618833944357,20.099999999999994,0
2026-08-26 19:01:27,27.6,66.8,68.9,51.0,12.1,-5.5,140.0,Star,Run,,,,2.757312562030711,23.400000000000006,0
2026-08-26 19:01:28,30.0,,70.6,53.1,12.2,-3.4,144.0,Star,Run,7.2215,48.092,64.3374,2.7054341103605806,23.099999999999994,30
2026-08-26 19:01:29,31.0,68.4,70.7,52.0,12.6,-4.3,138.0,Star,Run,,,,2.705434110360715,21.0,30
2026-08-26 19:01:31,30.7,65.0,,50.9,13.0,-1.7,138.0,Star,Run,,,,2.649159152607995,20.19999999999999,30
2026-08-26 19:01:32,29.3,63.8,66.3,47.6,13.5,,139.0,Star,Run,7.2215,48.092,62.8653,2.5273685588152666,18.30000000000001,0
2026-08-26 19:01:33,28.0,63.1,65.3,48.0,13.3,-1.5,137.0,Star,Run,,,,2.410267384729028,20.0,0
2026-08-26 19:01:34,29.0,63.0,65.9,47.0,13.1,-1.8,136.0,Star,Run,,,,2.371903778224823,18.0,0
2026-08-26 19:01:35,27.6,60.9,63.9,45.5,12.9,-2.0,133.0,Star,Run,,,,2.04583893372405,17.900000000000006,0
2026-08-26 19:01:36,24.4,59.9,62.0,42.4,13.0,-2.7,137.0,Star,Run,7.2216,48.092,63.3996,1.8751478205417045,18.0,0
2026-08-26 19:01:37,25.4,60.3,62.8,42.2,13.2,-1.4,138.0,Star,Run,,,,1.8950814411221637,16.80000000000001,0
2026-08-26 19:01:38,25.5,,62.9,40.0,12.6,-0.3,137.0,Star,Run,,,,1.9806536837400097,14.5,0
2026-08-26 19:01:39,26.2,61.1,65.8,41.0,12.0,-0.4,136.0,Star,Run,,,,2.1035110639021553,14.800000000000011,0
2026-08-26 19:01:41,27.6,66.9,,46.6,11.3,,136.0,Star,Run,,,,2.2645327689437487,19.0,0
2026-08-26 19:01:42,28.5,66.4,68.9,47.8,11.3,-3.1,137.0,Star,Run,,,,2.245177495165095,19.30000000000001,0
2026-08-26 19:01:43,29.3,66.9,68.9,47.2,12.1,-3.2,,Star,Run,,,,2.183712485546236,17.900000000000006,0
2026-08-26 19:01:44,28.9,64.7,67.9,47.6,12.8,-5.8,134.0,Star,Run,7.2218,48.092,63.9698,2.3253033506262457,18.69999999999999,0
2026-08-26 19:01:45,26.1,62.1,64.8,45.7,13.2,-5.5,135.0,Star,Run,,,,2.4702729246872233,19.599999999999994,0
2026-08-26 19:01:46,25.5,61.6,63.8,45.1,13.7,-4.6,140.0,Star,Run,,,,2.7257958093424346,19.599999999999994,0
2026-08-26 19:01:54,21.9,56.5,59.0,39.0,13.4,-1.9,141.0,Star,Run,,,,2.5769845767074355,17.099999999999994,0
2026-08-26 19:01:55,20.5,55.7,58.2,37.2,13.3,-2.4,144.0,Star,Run,,,,2.1030750842548054,16.69999999999999,0
2026-08-26 19:01:56,19.5,54.7,57.1,36.6,13.5,-2.1,142.0,Star,Run,7.222,48.092,63.5838,1.8453111784132201,17.099999999999994,0
2026-08-26 19:01:57,19.3,55.1,57.0,36.1,13.1,-1.9,144.0,Star,Run,,,,1.633423047689201,16.80000000000001,0
2026-08-26 19:01:58,19.8,55.1,57.6,36.7,13.0,-2.1,143.0,Star,Run,,,,1.588263247082859,16.900000000000006,0
2026-08-26 19:02:00,19.6,56.7,60.2,36.2,12.2,-1.7,142.0,Star,Run,7.2221,48.092,65.0317,1.2660943551680712,16.599999999999994,0
2026-08-26 19:02:01,20.6,58.1,,37.8,12.6,-3.7,144.0,Star,Run,,,,1.1702172884233464,17.19999999999999,0
2026-08-26 19:02:02,20.6,59.2,61.2,40.5,13.0,-4.8,,Star,Run,,,,1.228386540457751,19.900000000000006,0
2026-08-26 19:02:03,21.8,59.6,62.1,42.2,13.7,-4.9,148.0,Star,Run,,,,1.3599391681618205,20.400000000000006,0
2026-08-26 19:02:04,22.5,58.8,61.1,42.2,14.2,-2.6,151.0,Star,Run,7.2221,48.092,63.4044,1.6531063173066909,19.69999999999999,0
2026-08-26 19:02:06,22.2,56.7,59.5,37.7,13.4,-1.3,145.0,Star,Run,,,,2.0815040585216544,15.5,0
2026-08-26 19:02:07,23.0,56.0,58.3,37.5,12.7,0.3,145.0,Star,Run,,,,2.04895283478795,14.5,0
2026-08-26 19:02:08,21.9,56.0,58.4,35.4,12.2,,143.0,Star,Run,7.2222,48.092,64.666,2.179784506402795,13.5,0
2026-08-26 19:02:09,20.6,,59.0,33.8,11.6,1.3,142.0,Star,Run,,,,2.3481255872867464,13.199999999999989,0
2026-08-26 19:02:11,20.6,59.2,63.6,39.6,11.8,-2.5,144.0,Star,Run,,,,2.6162414245049486,19.0,0
2026-08-26 19:02:12,23.2,61.6,,40.5,11.5,-4.0,145.0,Star,Run,7.2223,48.092,64.9906,2.8223614686973386,17.30000000000001,0
2026-08-26 19:02:13,23.9,62.1,64.2,44.1,11.9,-3.9,147.0,Star,Run,,,,2.9667872631084764,20.19999999999999,0
2026-08-26 19:02:14,25.6,63.2,65.7,43.5,12.1,-3.4,148.0,Star,Run,,,,2.9581267385941747,17.900000000000006,0
2026-08-26 19:02:23,30.1,65.3,67.5,45.2,11.6,-1.7,138.0,Star,Run,,,,2.914407794955352,15.099999999999994,30
2026-08-26 19:02:25,31.3,69.4,71.4,51.8,12.2,,139.0,Star,Run,,,,2.53159626698815,20.5,30
2026-08-26 19:02:26,32.7,68.4,71.4,51.1,12.8,-3.7,138.0,Star,Run,,,,2.294127208578688,18.400000000000006,30
2026-08-26 19:02:27,32.4,66.1,68.6,48.4,13.2,-4.6,139.0,Star,Run,,,,2.028302777246255,16.0,30
2026-08-26 19:02:28,31.6,66.5,68.9,51.1,13.5,-3.8,141.0,Star,Run,7.2226,48.092,64.2319,2.005942918363947,19.5,30
2026-08-26 19:02:29,32.1,,67.4,50.0,13.5,-3.0,142.0,Star,Run,,,,1.826836872076557,17.900000000000006,30
2026-08-26 19:02:30,32.1,65.0,67.6,48.5,13.6,-2.9,139.0,Star,Run,,,,1.7261247396895074,16.400000000000006,30
2026-08-26 19:02:31,32.7,64.9,67.3,47.2,13.5,-1.8,138.0,Star,Run,,,,1.6645022820550561,14.5,30
2026-08-26 19:02:32,32.3,65.1,,47.1,13.1,,137.0,Star,Run,7.2227,48.092,64.7006,1.6903110084166737,14.800000000000011,30
2026-08-26 19:02:35,32.7,65.9,68.2,46.2,12.5,-0.7,136.0,Star,Run,,,,2.0168275794285253,13.5,30
2026-08-26 19:02:36,29.4,65.2,67.5,45.7,12.3,-1.6,136.0,Star,Run,7.2228,48.092,64.4047,2.123395219427155,16.30000000000001,0
2026-08-26 19:02:38,29.1,64.2,66.6,47.6,13.2,-2.8,136.0,Star,Run,,,,2.5016820728216493,18.5,0
2026-08-26 19:02:39,28.8,63.4,65.7,45.9,13.5,-3.6,137.0,Star,Run,,,,2.5388699029017188,17.099999999999994,0
2026-08-26 19:02:40,28.7,,,44.8,13.8,-4.0,135.0,Star,Run,7.2228,48.092,63.8684,2.4522236387521543,16.099999999999994,0
2026-08-26 19:02:41,28.5,64.9,67.2,45.9,14.1,,136.0,Star,Run,,,,2.335944887924897,17.400000000000006,0
2026-08-26 19:02:42,28.1,63.6,65.9,46.7,14.5,-5.3,142.0,Star,Run,,,,2.1531134925646787,18.599999999999994,0
2026-08-26 19:02:43,27.1,60.8,63.1,44.3,14.9,-1.6,,Star,Run,,,,2.0624898909658005,17.19999999999999,0
2026-08-26 19:02:44,27.5,60.8,63.1,41.6,14.3,-0.3,142.0,Star,Run,7.2229,48.092,64.3244,1.9159852504672195,14.099999999999994,0
2026-08-26 19:02:46,27.5,58.9,61.3,37.8,12.8,3.2,139.0,Star,Run,,,,1.8254595644659246,10.300000000000011,0
2026-08-26 19:02:47,25.7,60.0,62.3,35.1,11.7,1.9,137.0,Star,Run,,,,1.9132033128142005,9.400000000000006,0
2026-08-26 19:02:48,24.7,64.2,66.5,36.4,11.2,-1.7,137.0,Star,Run,7.223,48.092,66.4344,1.8625093671022124,11.699999999999989,0
2026-08-26 19:02:49,26.5,67.6,69.9,43.0,10.9,,138.0,Star,Run,,,,1.869415027559054,16.5,0
2026-08-26 19:02:50,28.1,,,47.7,10.8,-4.9,138.0,Star,Run,,,,1.8959093240701645,19.599999999999994,0
2026-08-26 19:02:51,28.6,67.5,69.7,48.2,11.6,-5.8,141.0,Star,Run,,,,1.9303807423746113,19.599999999999994,0
2026-08-26 19:02:52,29.7,67.1,69.6,49.2,12.0,-4.8,141.0,Star,Run,7.2231,48.092,64.9791,2.0786936057560124,19.5,0
2026-08-26 19:02:53,31.2,68.4,70.9,50.4,12.6,-4.6,139.0,Star,Run,,,,2.203820540376234,19.19999999999999,30
2026-08-26 19:02:54,31.3,67.4,69.5,51.0,13.2,-3.8,140.0,Star,Run,,,,2.3832321289348717,19.69999999999999,30
2026-08-26 19:02:56,31.9,64.8,67.1,45.5,13.9,-2.4,139.0,Star,Run,7.2231,48.092,64.5381,2.556097964447938,13.599999999999994,30
2026-08-26 19:02:57,31.1,63.7,65.9,46.0,13.8,,135.0,Star,Run,,,,2.717284738971845,14.900000000000006,30
2026-08-26 19:02:58,28.4,61.8,63.8,47.2,14.7,-4.0,139.0,Star,Run,,,,2.9046960684166563,18.80000000000001,0
2026-08-26 19:02:59,27.6,60.6,,44.4,14.9,-3.3,141.0,Star,Run,,,,2.969484045858289,16.80000000000001,0
2026-08-26 19:03:00,27.0,60.8,62.8,43.3,15.0,-1.5,141.0,Star,Run,7.2232,48.092,64.3436,2.988103489186397,16.30000000000001,0
2026-08-26 19:03:01,26.7,,63.2,43.8,14.8,-2.4,135.0,Star,Run,,,,2.990763406600535,17.099999999999994,0
2026-08-26 19:03:02,24.8,58.9,60.9,41.8,14.6,-2.0,139.0,Star,Run,,,,2.9640719506023605,17.0,0
2026-08-26 19:03:03,24.8,57.9,60.1,39.3,14.0,-0.7,140.0,Star,Run,,,,2.8885421049274114,14.5,0
2026-08-26 19:03:04,23.8,57.6,59.8,37.4,13.5,0.8,139.0,Star,Run,7.2233,48.092,65.4322,2.68852004137842,13.599999999999994,0
2026-08-26 19:03:05,23.6,58.2,60.7,36.6,13.3,,141.0,Star,Run,,,,2.464704885265059,13.0,0
2026-08-26 19:03:08,22.5,60.2,62.9,39.4,12.7,-3.4,144.0,Star,Run,7.2234,48.092,65.604,2.0420629763772884,16.900000000000006,0
2026-08-26 19:03:09,23.5,62.8,65.3,42.3,12.5,-2.6,,Star,Run,,,,2.0545360216946014,18.80000000000001,0
2026-08-26 19:03:10,25.5,62.5,,42.7,12.5,-4.0,144.0,Star,Run,,,,2.0821114017605056,17.19999999999999,0
2026-08-26 19:03:11,25.7,,64.7,42.6,12.8,-0.8,143.0,Star,Run,,,,2.0715681229506298,16.900000000000006,0
2026-08-26 19:03:12,27.0,62.1,64.4,42.3,12.9,-0.8,141.0,Star,Run,7.2234,48.092,65.3934,2.06610152406414,15.300000000000011,0
2026-08-26 19:03:13,27.3,62.2,64.5,42.3,13.0,-2.8,139.0,Star,Run,,,,2.0846641166855653,15.0,0
2026-08-26 19:03:14,27.0,62.5,64.9,43.1,13.8,-4.6,137.0,Star,Run,,,,2.143459507714536,16.099999999999994,0
2026-08-26 19:03:15,27.9,63.3,65.5,47.1,14.0,,140.0,Star,Run,,,,2.2216172268218095,19.19999999999999,0
2026-08-26 19:03:16,29.4,63.4,65.6,46.7,14.2,-4.6,144.0,Star,Run,7.2235,48.092,65.2485,2.271257155235386,17.30000000000001,0
2026-08-26 19:03:18,29.4,61.7,63.9,44.5,14.6,-3.0,137.0,Star,Run,,,,2.3693976173344518,15.099999999999994,0
2026-08-26 19:03:19,28.6,61.4,63.7,45.0,14.6,-3.4,137.0,Star,Run,,,,2.5491694378683376,16.400000000000006,0
2026-08-26 19:03:20,28.2,59.2,,42.1,14.9,-3.5,138.0,Star,Run,7.2236,48.092,64.9158,2.6223358370754317,13.900000000000006,0
2026-08-26 19:03:21,26.0,,61.2,39.6,14.6,-0.9,141.0,Star,Run,,,,2.7763921275331036,13.599999999999994,0
2026-08-26 19:03:22,26.1,57.9,60.4,39.3,14.3,-0.8,141.0,Star,Run,,,,2.987454091536729,13.199999999999989,0
2026-08-26 19:03:28,22.0,56.4,58.9,35.3,13.8,0.2,145.0,Star,Run,7.2237,48.092,65.1218,2.7687387482713492,13.300000000000011,0
2026-08-26 19:03:29,20.5,59.0,61.2,35.0,13.5,-1.1,136.0,Star,Run,,,,2.399424296798321,14.5,0
2026-08-26 19:03:30,22.2,56.6,,39.6,13.9,-6.1,147.0,Star,Run,,,,2.0667733971615396,17.400000000000006,0
2026-08-26 19:03:31,21.5,,58.6,38.8,14.2,-3.3,148.0,Star,Run,,,,1.692839232093029,17.30000000000001,0
2026-08-26 19:03:32,20.4,55.4,57.5,37.0,14.7,-2.2,,Star,Run,7.2238,48.092,64.7258,1.5716559001230719,16.599999999999994,0
2026-08-26 19:03:33,21.0,54.9,57.2,37.1,14.2,-2.2,149.0,Star,Run,,,,1.389791102747922,16.099999999999994,0
2026-08-26 19:03:34,21.0,54.9,57.3,36.6,13.9,-1.1,148.0,Star,Run,,,,1.4295877153175751,15.599999999999994,0
2026-08-26 19:03:35,20.8,56.8,59.2,35.8,13.4,-2.3,146.0,Star,Run,,,,1.4989074441293395,15.0,0
2026-08-26 19:03:37,22.3,59.6,62.0,39.8,13.4,,144.0,Star,Run,,,,1.503842249153938,17.5,0
2026-08-26 19:03:38,23.5,59.5,61.8,43.2,13.6,-4.8,145.0,Star,Run,,,,1.503842249153938,19.69999999999999,0
2026-08-26 19:03:39,23.8,58.8,61.2,42.4,13.9,-3.7,147.0,Star,Run,,,,1.4992469394644452,18.599999999999994,0
2026-08-26 19:03:40,24.5,58.4,,42.5,14.0,-2.7,146.0,Star,Run,7.224,48.092,65.3428,1.4272542841984655,18.0,0
2026-08-26 19:03:41,24.1,58.2,60.5,40.9,14.2,-2.8,142.0,Star,Run,,,,1.4314444186582536,16.80000000000001,0
2026-08-26 19:03:42,24.5,,60.7,41.8,14.4,-4.2,143.0,Star,Run,,,,1.409460790506884,17.30000000000001,0
2026-08-26 19:03:44,24.8,58.8,61.0,44.4,14.8,-3.6,143.0,Star,Run,7.224,48.092,65.5712,1.2636025317541022,19.599999999999994,0
2026-08-26 19:03:45,24.7,58.8,60.9,43.5,14.9,,143.0,Star,Run,,,,1.1901528407399418,18.80000000000001,0
2026-08-26 19:03:46,22.3,55.5,57.4,39.7,15.3,-4.5,145.0,Star,Run,,,,1.3418457209776025,17.400000000000006,0
2026-08-26 19:03:47,22.1,53.4,55.8,37.9,15.3,-1.9,150.0,Star,Run,,,,1.496606328734958,15.800000000000011,0
2026-08-26 19:03:49,22.3,55.0,57.6,34.2,14.4,1.3,143.0,Star,Run,,,,1.6024067002031108,11.900000000000006,0
2026-08-26 19:03:50,21.8,56.7,59.0,34.5,13.3,-0.3,140.0,Star,Run,,,,1.6222007922973285,12.699999999999989,0
2026-08-26 19:03:51,22.0,56.5,,35.2,13.0,-0.2,145.0,Star,Run,,,,1.6831425573750896,13.199999999999989,0
2026-08-26 19:03:52,22.2,,59.0,35.7,12.3,0.9,142.0,Star,Run,7.2242,48.092,66.635,1.7312695244474094,13.5,0
2026-08-26 19:03:53,23.5,59.8,62.5,38.0,11.7,,138.0,Star,Run,,,,2.095150499918915,14.5,0
2026-08-26 19:04:08,18.8,54.7,57.1,35.8,12.7,,150.0,Star,Run,7.2245,48.092,65.3985,2.8393899076775857,17.0,0
2026-08-26 19:04:09,20.2,55.9,58.4,36.5,12.5,-1.2,146.0,Star,Run,,,,2.569862582431854,16.30000000000001,0
2026-08-26 19:04:11,21.2,59.5,61.9,39.4,12.6,-2.9,142.0,Star,Run,,,,2.3268125400774875,18.19999999999999,0
2026-08-26 19:04:12,22.4,58.5,,42.1,12.6,-4.4,147.0,Star,Run,7.2246,48.092,65.6655,2.33759650233431,19.69999999999999,0
2026-08-26 19:04:13,22.1,,60.7,41.2,13.3,-2.1,146.0,Star,Run,,,,2.3085460686883152,19.099999999999994,0
2026-08-26 19:04:14,23.0,59.2,61.4,41.6,13.6,-2.9,,Star,Run,,,,2.3246798287620765,18.599999999999994,0
2026-08-26 19:04:15,21.1,56.9,59.1,41.2,14.2,,143.0,Star,Run,,,,2.120125319111306,20.099999999999994,0
2026-08-26 19:04:16,21.6,56.3,58.5,40.3,14.2,-1.5,146.0,Star,Run,7.2247,48.092,64.0094,1.708984007711212,18.69999999999999,0
2026-08-26 19:04:17,22.0,55.6,58.1,38.9,13.8,-1.1,145.0,Star,Run,,,,1.4627971953577976,16.900000000000006,0
2026-08-26 19:04:19,23.4,58.3,60.8,39.1,13.1,-1.9,142.0,Star,Run,,,,1.1071949328964181,15.699999999999989,0
2026-08-26 19:04:20,23.3,59.9,62.4,40.5,13.3,-4.3,140.0,Star,Run,7.2247,48.092,65.7367,1.2636038262863054,17.19999999999999,0
2026-08-26 19:04:21,23.2,60.6,62.5,44.0,13.7,-6.9,140.0,Star,Run,,,,1.363252108483958,20.80000000000001,0
2026-08-26 19:04:22,22.3,57.7,,42.8,14.7,-5.1,145.0,Star,Run,,,,1.398792867706338,20.5,0
2026-08-26 19:04:23,22.4,,59.7,39.4,15.1,,147.0,Star,Run,,,,1.5600493921504073,17.0,0
2026-08-26 19:04:25,21.5,54.9,57.0,37.6,14.6,-2.8,144.0,Star,Run,,,,1.950244967114731,16.099999999999994,0
2026-08-26 19:04:26,20.8,54.4,56.8,36.1,14.6,-0.5,144.0,Star,Run,,,,2.2788782336486353,15.300000000000011,0
2026-08-26 19:04:27,20.2,55.3,57.6,36.0,14.8,-2.0,141.0,Star,Run,,,,2.610379474689951,15.800000000000011,0
2026-08-26 19:04:28,20.1,56.1,58.5,37.7,14.4,-3.6,144.0,Star,Run,7.2249,48.092,65.0612,2.8957186076579613,17.599999999999994,0
2026-08-26 19:09:10,42.8,,86.9,66.3,10.4,,108.0,Star,Reach,,,,2.55859920625088,23.5,30
2026-08-26 19:09:11,43.8,84.7,87.8,67.1,10.2,0.1,104.0,Star,Reach,,,,2.18309501046965,23.30000000000001,30
2026-08-26 19:09:12,44.7,86.2,89.2,68.0,9.5,-0.6,102.0,Star,Reach,7.2303,48.092,68.5852,1.8549504668991963,23.30000000000001,30
2026-08-26 19:09:13,45.7,87.4,90.2,68.3,9.8,-2.5,104.0,Star,Reach,,,,1.299470525317643,22.599999999999994,30
2026-08-26 19:09:14,44.7,87.8,89.8,69.4,9.4,-4.2,111.0,Star,Reach,,,,1.1258479477835346,24.69999999999999,30
2026-08-26 19:09:15,44.2,87.7,,68.9,9.7,-1.8,110.0,Star,Reach,,,,1.1523960770439727,24.69999999999999,30
2026-08-26 19:09:17,45.5,87.2,90.2,70.9,9.1,-1.1,104.0,Star,Reach,,,,1.2351942418385984,25.400000000000006,30
2026-08-26 19:09:18,44.8,88.5,89.6,71.2,8.9,-2.4,102.0,Star,Reach,,,,1.3441635523476432,26.400000000000006,30
2026-08-26 19:09:19,45.9,90.5,92.2,72.1,9.1,-4.6,104.0,Star,Reach,,,,1.7301643064779824,26.19999999999999,30
2026-08-26 19:09:20,47.9,,92.2,74.1,9.7,,105.0,Star,Reach,7.2305,48.092,68.0277,2.126020835566841,26.19999999999999,30
2026-08-26 19:09:21,44.9,88.1,89.8,74.3,9.6,-3.2,109.0,Star,Reach,,,,2.6140522536010513,29.400000000000006,30
2026-08-26 19:09:33,35.1,77.5,,61.7,9.5,,117.0,Star,Reach,,,,2.8289693523375425,26.599999999999994,30
2026-08-26 19:09:34,35.5,78.2,80.4,59.3,9.0,-0.4,116.0,Star,Reach,,,,2.5962076241684944,23.80000000000001,30
2026-08-26 19:09:35,36.9,79.8,81.3,61.5,9.0,-1.0,119.0,Star,Reach,,,,2.67651296882532,24.599999999999994,30
2026-08-26 19:09:36,39.5,82.3,84.0,63.6,8.8,-2.1,,Star,Reach,7.2308,48.092,66.6343,2.737701298271033,24.099999999999994,30
2026-08-26 19:09:38,40.2,81.1,84.5,66.4,8.8,-3.3,115.0,Star,Reach,,,,2.7530176894105036,26.19999999999999,30
2026-08-26 19:09:39,37.6,77.8,80.3,64.0,9.7,,120.0,Star,Reach,,,,2.7234776742197995,26.400000000000006,30
2026-08-26 19:09:40,35.7,78.7,80.7,62.4,9.7,-0.6,123.0,Star,Reach,7.2308,48.092,65.943,2.912642914749153,26.69999999999999,30
2026-08-26 19:09:45,42.7,84.3,86.3,68.3,8.9,-4.0,113.0,Star,Reach,,,,2.932130207746123,25.599999999999994,30
2026-08-26 19:09:46,44.0,85.1,87.6,67.0,8.9,-3.6,114.0,Star,Reach,,,,2.8834662131183153,23.0,30
2026-08-26 19:09:47,41.1,83.1,85.5,67.8,9.2,-1.5,116.0,Star,Reach,,,,2.9691563847607885,26.69999999999999,30
2026-08-26 19:09:48,43.9,85.6,87.5,68.5,9.5,,116.0,Star,Reach,7.231,48.092,66.4879,2.9041984227308113,24.599999999999994,30
2026-08-26 19:09:50,43.4,,86.3,69.7,9.9,-3.1,114.0,Star,Reach,,,,2.999385381673339,26.30000000000001,30
2026-08-26 19:09:51,43.1,84.5,87.3,70.1,9.7,,112.0,Star,Reach,,,,2.7988506824901855,27.0,30
2026-08-26 19:09:52,44.6,84.5,,70.2,10.0,-2.6,111.0,Star,Reach,7.2311,48.092,66.2286,2.8537259106027526,25.599999999999994,30
2026-08-26 19:09:58,42.5,82.4,84.2,68.2,9.7,0.0,110.0,Star,Reach,,,,2.047743941107222,25.69999999999999,30
2026-08-26 19:09:59,44.4,84.4,86.5,67.3,10.0,-0.9,112.0,Star,Reach,,,,2.105807628006264,22.900000000000006,30
2026-08-26 19:10:00,44.6,,88.4,67.5,9.8,-0.4,111.0,Star,Reach,7.2312,48.092,66.5161,2.092581118864608,22.900000000000006,30
2026-08-26 19:10:01,46.5,86.9,91.2,70.3,9.2,-1.5,110.0,Star,Reach,,,,2.0262348133721155,23.80000000000001,30
2026-08-26 19:10:02,48.5,89.5,91.9,71.0,8.7,-3.9,105.0,Star,Reach,,,,1.8263923921200198,22.5,30
2026-08-26 19:10:03,48.5,89.3,,73.6,9.3,-3.6,107.0,Star,Reach,,,,1.7682521714088821,25.099999999999994,30
2026-08-26 19:10:04,48.6,88.3,91.0,74.3,9.6,-2.6,108.0,Star,Reach,7.2313,48.092,66.4774,1.8159421878603021,25.69999999999999,30
2026-08-26 19:10:05,47.6,86.4,89.6,72.0,10.1,,109.0,Star,Reach,,,,1.794727150028864,24.400000000000006,30
2026-08-26 19:10:06,45.8,85.0,87.2,70.3,10.0,0.1,109.0,Star,Reach,,,,1.9886491092519551,24.5,30
2026-08-26 19:10:07,46.6,85.7,87.8,71.3,9.4,-0.3,104.0,Star,Reach,,,,1.9886491092519551,24.69999999999999,30
2026-08-26 19:10:09,48.4,85.9,88.4,70.9,10.2,,108.0,Star,Reach,,,,1.9250612654991108,22.5,30
2026-08-26 19:10:10,47.9,,88.5,70.9,9.6,-3.3,110.0,Star,Reach,,,,1.8164697312221834,23.0,30
2026-08-26 19:10:11,48.2,86.0,87.6,70.6,9.5,-1.5,107.0,Star,Reach,,,,1.6668026560783922,22.399999999999977,30
2026-08-26 19:10:12,46.8,84.9,85.7,69.3,9.3,-1.0,108.0,Star,Reach,7.2314,48.092,66.3099,1.6422826867054088,22.5,30
2026-08-26 19:10:13,45.6,83.4,,67.4,9.9,-0.4,106.0,Star,Reach,,,,1.637720720624698,21.80000000000001,30
2026-08-26 19:10:14,44.2,83.4,85.7,67.5,9.4,-1.7,106.0,Star,Reach,,,,1.6600720868153849,23.30000000000001,30
2026-08-26 19:10:15,48.0,87.0,88.3,67.5,9.3,-2.8,106.0,Star,Reach,,,,1.6963421114196011,19.5,30
2026-08-26 19:10:16,50.8,89.6,91.7,74.8,9.3,-4.5,104.0,Star,Reach,7.2315,48.092,67.7071,1.7039244322490188,24.0,30
2026-08-26 19:10:18,49.3,89.2,91.5,78.1,9.3,-3.6,,Star,Reach,,,,1.678954220954732,28.80000000000001,30
2026-08-26 19:10:19,51.2,87.5,90.6,77.0,10.4,-3.1,107.0,Star,Reach,,,,1.6514368964092327,25.80000000000001,30
2026-08-26 19:10:20,49.1,85.5,88.0,71.7,11.0,-3.7,102.0,Star,Reach,7.2316,48.092,66.111,1.64901944177985,22.599999999999994,30
2026-08-26 19:10:21,47.4,,87.5,70.5,10.7,-1.7,106.0,Star,Reach,,,,1.6551243574891352,23.099999999999994,30
2026-08-26 19:10:22,47.3,85.2,87.9,70.9,9.9,-2.3,107.0,Star,Reach,,,,1.6803457992261632,23.600000000000023,30
2026-08-26 19:10:23,47.5,85.8,,74.6,10.5,-2.4,102.0,Star,Reach,,,,1.7180382356175599,27.099999999999994,30
2026-08-26 19:10:24,49.2,86.8,88.7,68.8,10.4,-3.1,104.0,Star,Reach,7.2317,48.092,66.6776,1.6460333085956695,19.599999999999994,30
2026-08-26 19:10:26,47.1,84.4,87.2,73.8,9.5,,105.0,Star,Reach,,,,1.3965467824184585,26.69999999999999,30
2026-08-26 19:10:27,46.0,85.3,87.0,71.3,10.2,-1.3,108.0,Star,Reach,,,,1.3255108330453023,25.30000000000001,30
2026-08-26 19:10:28,48.8,88.0,89.9,71.8,10.7,-2.5,107.0,Star,Reach,7.2318,48.092,67.1305,1.323235892314593,23.0,30
2026-08-26 19:10:29,49.0,87.1,89.8,74.2,10.2,-5.2,106.0,Star,Reach,,,,1.3160965021184727,25.19999999999999,30
2026-08-26 19:10:30,47.8,85.5,88.1,70.9,10.7,-3.3,111.0,Star,Reach,,,,1.183222837505624,23.100000000000023,30
2026-08-26 19:10:31,48.6,,87.8,72.1,10.9,-0.2,108.0,Star,Reach,,,,1.2069332711668557,23.5,30
2026-08-26 19:10:32,49.3,85.8,89.4,70.8,10.2,-1.3,101.0,Star,Reach,7.2318,48.092,66.523,1.1829727717521699,21.5,30
2026-08-26 19:10:33,50.2,87.8,90.5,72.8,10.3,-4.0,100.0,Star,Reach,,,,1.1724886279964404,22.599999999999994,30
2026-08-26 19:10:35,51.0,87.9,91.2,71.3,10.2,-6.3,103.0,Star,Reach,,,,1.406963086748217,20.30000000000001,30
2026-08-26 19:10:36,48.5,86.9,89.6,73.8,10.6,-4.3,107.0,Star,Reach,7.2319,48.092,67.0749,1.5033743888104774,25.30000000000001,30
2026-08-26 19:10:37,49.6,83.6,86.6,69.9,10.7,-1.1,107.0,Star,Reach,,,,1.6610478148204737,20.30000000000001,30
2026-08-26 19:10:38,47.4,84.1,85.9,68.2,10.5,1.6,105.0,Star,Reach,,,,1.5346811777207388,20.80000000000001,30
2026-08-26 19:10:39,48.3,85.3,87.4,67.4,9.9,-1.5,103.0,Star,Reach,,,,1.534973909479184,19.100000000000023,30
2026-08-26 19:10:40,49.4,86.9,88.7,71.2,9.9,-3.0,104.0,Star,Reach,7.232,48.092,66.8247,1.624319631421639,21.80000000000001,30
2026-08-26 19:10:42,48.1,,87.0,71.1,9.8,-0.4,109.0,Star,Reach,,,,1.7552410813082377,23.0,30
2026-08-26 19:10:43,47.5,85.6,91.5,68.8,10.0,-3.1,105.0,Star,Reach,,,,2.1122539492334704,21.30000000000001,30
2026-08-26 19:10:44,51.7,89.7,,75.4,9.4,-4.0,,Star,Reach,7.2321,48.092,67.475,2.424747829025424,23.69999999999999,30
2026-08-26 19:10:45,50.5,89.4,91.8,76.8,9.4,,104.0,Star,Reach,,,,2.4359074493524013,26.30000000000001,30
2026-08-26 19:10:46,51.6,90.5,92.4,75.8,9.5,-0.8,105.0,Star,Reach,,,,2.5273198920297166,24.19999999999999,30
2026-08-26 19:10:47,52.8,90.6,93.0,77.5,10.2,-3.2,100.0,Star,Reach,,,,2.5965566694877227,24.69999999999999,30
2026-08-26 19:10:48,51.4,88.1,90.9,77.7,10.4,-5.4,102.0,Star,Reach,7.2321,48.092,66.866,2.7592551078845893,26.30000000000001,30
2026-08-26 19:10:49,50.4,86.8,89.9,71.9,10.1,-1.3,104.0,Star,Reach,,,,2.9069500637464403,21.5,30
2026-08-26 19:10:50,47.2,82.8,85.9,70.6,10.3,-3.1,100.0,Star,Reach,,,,2.953776734924483,23.399999999999977,30
2026-08-26 19:10:51,46.5,81.8,83.9,65.8,10.4,0.3,101.0,Star,Reach,,,,2.9632190455268135,19.30000000000001,30
2026-08-26 19:10:53,44.4,79.7,83.2,71.0,9.8,-0.2,105.0,Star,Reach,,,,2.9034139045875365,26.599999999999994,30
2026-08-26 19:10:54,43.9,81.9,,69.1,9.6,,108.0,Star,Reach,,,,2.9034139045875365,25.19999999999999,30
2026-08-26 19:10:55,46.2,84.9,86.9,69.3,9.7,-1.9,108.0,Star,Reach,,,,2.7625648551098565,23.099999999999994,30
2026-08-26 19:10:56,44.8,84.1,86.7,69.5,10.0,-4.1,111.0,Star,Reach,7.2323,48.092,67.5408,2.672297935195752,24.69999999999999,30
2026-08-26 19:10:58,44.1,81.0,83.0,67.4,10.6,0.3,112.0,Star,Reach,,,,2.168194007099469,23.30000000000001,30
2026-08-26 19:10:59,44.1,83.0,84.8,71.6,10.8,-2.7,111.0,Star,Reach,,,,1.8868266260159645,27.5,30
2026-08-26 19:11:00,45.6,83.3,85.8,71.6,10.5,-4.8,110.0,Star,Reach,7.2324,48.092,67.0097,1.703758093049977,26.0,30
2026-08-26 19:11:01,45.7,84.7,86.6,69.4,10.7,-1.3,111.0,Star,Reach,,,,1.73036982885026,23.69999999999999,30
2026-08-26 19:11:02,49.0,,88.0,70.8,10.1,,111.0,Star,Reach,,,,1.7841388771698325,21.80000000000001,30
2026-08-26 19:11:04,47.5,84.0,87.5,68.3,9.8,1.2,106.0,Star,Reach,7.2324,48.092,67.1163,1.6965371935480598,20.80000000000001,30
2026-08-26 19:11:05,48.9,85.9,,66.4,9.7,-3.0,105.0,Star,Reach,,,,1.6684499677943505,17.5,30
2026-08-26 19:11:06,47.6,86.1,88.8,68.8,9.4,-4.2,107.0,Star,Reach,,,,1.9056165085423586,21.19999999999999,30
2026-08-26 19:11:07,48.2,86.2,88.3,73.0,9.8,0.4,,Star,Reach,,,,1.8679655619492281,24.80000000000001,30
2026-08-26 19:11:09,47.7,86.8,88.6,68.7,8.4,-0.8,104.0,Star,Reach,,,,1.7668099925604603,21.0,30
2026-08-26 19:11:10,48.2,86.4,89.0,68.6,8.9,-3.1,99.0,Star,Reach,,,,1.560775646736366,20.399999999999977,30
2026-08-26 19:11:11,48.0,83.8,86.6,70.9,8.2,,107.0,Star,Reach,,,,1.4671664323646278,22.900000000000006,30
2026-08-26 19:11:12,44.7,,86.0,71.0,8.7,-0.4,110.0,Star,Reach,7.2326,48.092,67.3525,1.3927650636519504,26.30000000000001,30
2026-08-26 19:11:13,46.2,84.1,87.6,71.0,8.3,0.5,106.0,Star,Reach,,,,1.4422151593695696,24.80000000000001,30
2026-08-26 19:11:14,48.0,86.1,89.8,70.1,8.3,-1.8,105.0,Star,Reach,,,,1.4422151593693167,22.099999999999994,30
2026-08-26 19:11:15,49.4,88.2,,72.7,8.3,-1.3,110.0,Star,Reach,,,,1.4762717377553733,23.30000000000001,30
2026-08-26 19:11:16,51.2,90.5,92.1,72.5,8.3,-3.9,109.0,Star,Reach,7.2327,48.092,67.9133,1.5742614638537,21.30000000000001,30
2026-08-26 19:11:18,50.4,85.4,88.5,71.5,8.3,2.0,109.0,Star,Reach,,,,1.7059117685534972,21.099999999999994,30
2026-08-26 19:11:19,47.5,85.7,88.0,70.7,8.3,,106.0,Star,Reach,,,,1.7059117685534972,23.19999999999999,30
2026-08-26 19:11:20,48.7,85.7,87.8,68.8,7.7,1.0,101.0,Star,Reach,7.2327,48.092,66.7856,1.7496697675296087,20.099999999999994,30
2026-08-26 19:11:21,48.7,87.1,89.5,69.2,7.5,-0.8,102.0,Star,Reach,,,,1.8033468876212948,20.5,30
2026-08-26 19:11:22,49.7,88.5,91.0,71.7,8.3,-3.0,106.0,Star,Reach,,,,1.8607104608939062,22.0,30
2026-08-26 19:11:23,50.1,,88.9,73.1,8.5,-3.9,107.0,Star,Reach,,,,1.6440332915944058,23.0,30
2026-08-26 19:11:24,48.3,86.4,89.8,76.3,8.6,-1.3,107.0,Star,Reach,7.2328,48.092,67.2538,1.724511501688312,28.0,30
2026-08-26 19:11:25,50.1,87.9,,72.7,9.1,-5.7,102.0,Star,Reach,,,,1.8239348695907056,22.599999999999994,30
2026-08-26 19:11:26,46.0,84.8,87.8,69.2,8.7,,107.0,Star,Reach,,,,2.0431132546886,23.19999999999999,30
2026-08-26 19:11:28,45.9,84.2,86.4,70.0,9.6,-0.5,106.0,Star,Reach,7.2329,48.092,67.0128,1.8794332331862271,24.099999999999994,30
2026-08-26 19:11:34,45.5,82.0,84.7,68.5,11.5,-0.5,107.0,Star,Reach,,,,1.2997397755631526,23.0,30
2026-08-26 19:11:35,46.2,82.4,84.2,68.9,11.1,-2.7,,Star,Reach,,,,1.252848851103827,22.69999999999999,30
2026-08-26 19:11:36,44.6,82.0,,68.2,11.3,-2.3,109.0,Star,Reach,7.2331,48.092,66.7833,0.6708647079772856,23.599999999999994,30
2026-08-26 19:11:38,45.6,83.5,85.7,71.9,11.2,-1.7,111.0,Star,Reach,,,,0.9148520299593614,26.30000000000001,30
2026-08-26 19:11:40,46.8,84.6,86.7,71.2,11.3,,110.0,Star,Reach,7.2331,48.092,67.765,0.9514860578971006,24.400000000000006,30
2026-08-26 19:11:41,47.2,84.2,86.7,70.9,11.4,-2.1,111.0,Star,Reach,,,,1.1028518833701206,23.69999999999999,30
2026-08-26 19:11:42,46.6,83.3,85.3,68.9,11.7,-2.4,109.0,Star,Reach,,,,1.1217943632923875,22.30000000000001,30
2026-08-26 19:11:43,46.5,,85.3,69.9,11.6,-2.5,111.0,Star,Reach,,,,1.1540057625308782,23.400000000000006,30
2026-08-26 19:11:44,45.7,82.6,85.4,70.7,11.7,-1.8,111.0,Star,Reach,7.2332,48.092,66.9105,1.1215868380119756,25.0,30
2026-08-26 19:11:46,46.3,81.8,,70.2,12.5,-5.1,111.0,Star,Reach,,,,1.1328015824441944,23.900000000000006,30
2026-08-26 19:11:47,44.4,82.0,84.4,69.1,12.3,-1.7,115.0,Star,Reach,,,,1.083852328378708,24.69999999999999,30
2026-08-26 19:11:48,44.2,80.8,83.5,66.7,12.5,-0.3,115.0,Star,Reach,7.2333,48.092,66.9035,1.1231120275965838,22.5,30
2026-08-26 19:11:50,46.9,85.6,87.9,68.8,12.0,-3.4,110.0,Star,Reach,,,,1.167703703169149,21.900000000000006,30
2026-08-26 19:11:51,48.4,83.5,86.0,66.2,11.6,-7.1,109.0,Star,Reach,,,,1.1617091782513662,17.80000000000001,30
2026-08-26 19:11:52,44.7,83.5,85.8,69.6,12.0,-3.5,115.0,Star,Reach,7.2334,48.092,67.7044,1.1595169879813825,24.899999999999977,30
2026-08-26 19:11:53,44.4,83.4,85.9,67.3,12.5,-1.3,111.0,Star,Reach,,,,1.1950313230322145,22.900000000000006,30
2026-08-26 19:11:54,46.0,,85.5,70.3,12.4,-4.2,105.0,Star,Reach,,,,1.4318850382739572,24.30000000000001,30
2026-08-26 19:11:55,46.2,83.6,86.2,69.8,12.8,-3.3,108.0,Star,Reach,,,,1.490692006275835,23.599999999999994,30
2026-08-26 19:11:56,46.8,83.9,,70.7,12.7,-4.4,106.0,Star,Reach,7.2334,48.092,67.2568,1.5476163528867188,23.900000000000006,30
2026-08-26 19:11:57,46.5,84.1,86.1,71.5,13.1,-5.2,107.0,Star,Reach,,,,1.557040118298678,25.0,30
2026-08-26 19:11:58,47.6,83.2,86.3,68.1,12.9,-5.2,98.0,Star,Reach,,,,1.7120249445983624,20.5,30
2026-08-26 19:11:59,45.0,82.0,84.0,67.4,13.0,-2.3,,Star,Reach,,,,1.7874025731473155,22.400000000000006,30
2026-08-26 19:12:00,44.6,81.8,84.1,68.0,13.5,-1.5,104.0,Star,Reach,7.2335,48.092,67.0214,1.7550151738093447,23.400000000000006,30
2026-08-26 19:12:01,46.6,83.2,85.4,69.0,13.0,-4.8,105.0,Star,Reach,,,,1.7642244541958785,22.400000000000006,30
2026-08-26 19:12:03,44.5,80.3,82.8,67.0,13.1,-3.6,105.0,Star,Reach,,,,1.6771489323033235,22.5,30
2026-08-26 19:12:04,42.3,,83.0,66.2,13.1,-1.7,110.0,Star,Reach,7.2336,48.092,66.6833,1.6694636370171074,23.900000000000006,30
2026-08-26 19:12:05,43.8,80.9,83.2,66.8,13.1,-3.8,106.0,Star,Reach,,,,1.6620113704143824,23.0,30
2026-08-26 19:12:06,43.1,81.2,,67.1,13.5,-3.8,109.0,Star,Reach,,,,1.677015094815613,24.0,30
2026-08-26 19:12:07,44.1,81.1,83.8,64.8,13.6,-4.0,114.0,Star,Reach,,,,1.6594756382914062,20.69999999999999,30
2026-08-26 19:12:08,42.0,80.9,82.8,68.1,13.5,-2.5,116.0,Star,Reach,7.2337,48.092,67.3437,1.7366842970171954,26.099999999999994,30
2026-08-26 19:12:09,47.7,84.1,85.9,68.5,12.6,-4.3,114.0,Star,Reach,,,,1.699040507790158,20.80000000000001,30
2026-08-26 19:12:10,46.3,83.4,85.9,67.6,12.9,-4.3,110.0,Star,Reach,,,,1.6981588672427517,21.30000000000001,30
2026-08-26 19:12:11,47.1,82.2,85.2,64.9,12.9,,115.0,Star,Reach,,,,1.7375253078289588,17.80000000000001,30
2026-08-26 19:12:12,44.2,80.2,82.7,62.5,12.5,-1.3,113.0,Star,Reach,7.2337,48.092,65.5601,1.7514092288562368,18.30000000000001,30
2026-08-26 19:12:14,44.8,,84.7,64.7,12.0,1.1,111.0,Star,Reach,,,,1.7037602371388505,19.900000000000006,30
2026-08-26 19:12:15,45.6,82.5,86.3,67.2,11.6,-1.1,108.0,Star,Reach,,,,1.5506872390814546,21.599999999999994,30
2026-08-26 19:12:16,46.6,84.3,86.8,66.6,11.2,-4.1,108.0,Star,Reach,7.2338,48.092,67.7532,1.5125860463159095,20.0,30
2026-08-26 19:12:17,46.4,84.9,,69.7,11.5,-2.2,111.0,Star,Reach,,,,1.4033120161116344,23.30000000000001,30
2026-08-26 19:12:19,47.0,86.6,89.3,69.9,11.5,,104.0,Star,Reach,,,,1.1797706523604403,22.900000000000006,30
2026-08-26 19:12:20,45.3,85.7,88.1,70.6,11.7,-6.8,113.0,Star,Reach,7.2339,48.092,67.1054,1.1674937800534197,25.30000000000001,30
2026-08-26 19:12:22,46.9,82.9,85.1,68.9,12.5,-4.8,,Star,Reach,,,,1.1032182069129517,22.0,30
2026-08-26 19:12:23,44.6,82.9,85.5,69.1,13.1,-2.7,113.0,Star,Reach,,,,1.0931577427903745,24.5,30
2026-08-26 19:12:24,45.0,82.8,85.6,68.3,13.0,-5.0,113.0,Star,Reach,7.234,48.092,66.3905,1.1544106529109202,23.30000000000001,30
2026-08-26 19:12:25,45.4,,84.2,66.5,12.8,,107.0,Star,Reach,,,,1.1702151138570094,21.099999999999994,30
2026-08-26 19:12:26,44.7,81.5,83.8,68.0,13.1,-3.9,110.0,Star,Reach,,,,1.1829308397070535,23.30000000000001,30
2026-08-26 19:12:27,45.4,80.9,,63.7,13.9,-5.0,113.0,Star,Reach,,,,1.1559450343966007,18.30000000000001,30
2026-08-26 19:12:28,43.9,81.0,82.7,65.9,13.5,-5.4,111.0,Star,Reach,7.234,48.092,66.6401,1.1917718242345336,22.0,30
2026-08-26 19:12:29,44.3,80.8,83.4,66.4,13.8,-6.7,114.0,Star,Reach,,,,1.0498514157713654,22.100000000000023,30
2026-08-26 19:12:30,43.7,80.6,82.7,66.8,13.9,-5.0,115.0,Star,Reach,,,,1.0413735954394867,23.099999999999994,30
2026-08-26 19:12:31,45.5,82.2,84.3,67.4,14.0,,116.0,Star,Reach,,,,1.1277614686702284,21.900000000000006,30
2026-08-26 19:12:32,46.2,82.8,85.0,67.7,13.9,-5.2,112.0,Star,Reach,7.2341,48.092,67.2899,1.1277614686702284,21.5,30
2026-08-26 19:12:34,43.5,82.5,85.0,69.0,13.7,-4.9,114.0,Star,Reach,,,,1.1973454582837009,25.5,30
2026-08-26 19:12:35,46.5,,83.9,65.1,13.5,-6.7,114.0,Star,Reach,,,,1.2241184211263172,18.599999999999994,30
2026-08-26 19:12:36,44.7,81.9,84.1,68.7,14.1,-4.4,111.0,Star,Reach,7.2342,48.092,67.5423,1.2247968462994279,24.0,30
2026-08-26 19:12:37,44.9,82.3,,68.4,13.9,-4.7,117.0,Star,Reach,,,,1.2050925757026403,23.5,30
2026-08-26 19:12:38,47.0,82.6,85.3,66.5,12.9,-6.4,110.0,Star,Reach,,,,1.2163067160924914,19.5,30
2026-08-26 19:12:39,45.6,81.8,84.2,67.3,13.3,-4.0,112.0,Star,Reach,,,,1.309102860246523,21.69999999999999,30
2026-08-26 19:12:40,46.9,82.2,84.4,66.4,13.1,-4.3,113.0,Star,Reach,7.2343,48.092,66.8083,1.332845356960136,19.5,30
2026-08-26 19:12:41,47.2,83.5,85.4,68.0,12.9,,110.0,Star,Reach,,,,1.291550436877244,20.80000000000001,30
2026-08-26 19:12:43,47.0,84.5,86.3,68.9,13.2,-6.7,109.0,Star,Reach,,,,1.4634016656556654,21.900000000000006,30
2026-08-26 19:12:44,47.3,84.1,86.5,68.9,14.0,-9.2,113.0,Star,Reach,7.2343,48.092,66.8327,1.4390021726433688,21.600000000000023,30
2026-08-26 19:12:45,46.8,,84.7,72.2,14.4,-10.1,117.0,Star,Reach,,,,1.375888415572171,25.400000000000006,30
2026-08-26 19:12:46,45.9,82.0,84.1,67.9,14.7,-6.0,112.0,Star,Reach,,,,1.3948474557745068,22.0,30
2026-08-26 19:12:47,45.6,81.8,83.8,68.6,14.6,-6.7,,Star,Reach,,,,1.3847576221542766,23.0,30
2026-08-26 19:12:48,44.9,81.6,,67.0,15.0,-8.4,108.0,Star,Reach,7.2344,48.092,66.2127,1.3847576221542766,22.099999999999994,30
2026-08-26 19:12:49,42.9,79.1,81.7,64.6,14.9,-5.9,111.0,Star,Reach,,,,1.3768843919799836,21.69999999999999,30
2026-08-26 19:12:50,43.9,80.4,82.6,66.3,14.9,-7.0,112.0,Star,Reach,,,,1.9401095015980123,22.400000000000006,30
2026-08-26 19:12:52,43.2,79.4,81.6,64.2,14.7,-5.9,112.0,Star,Reach,7.2345,48.092,65.9521,2.2522341912125126,21.0,30
2026-08-26 19:12:53,43.7,80.2,82.4,65.5,14.6,-5.6,113.0,Star,Reach,,,,2.3423356788219047,21.80000000000001,30
2026-08-26 19:12:54,44.5,81.4,83.4,64.0,14.3,-6.2,115.0,Star,Reach,,,,2.398722582665006,19.5,30
2026-08-26 19:12:55,44.9,,84.9,66.1,14.1,-6.0,112.0,Star,Reach,,,,2.407652772976426,21.19999999999999,30
2026-08-26 19:12:56,46.9,83.1,86.1,65.7,13.6,-5.5,113.0,Star,Reach,7.2346,48.092,67.7011,2.43293432347945,18.80000000000001,30
2026-08-26 19:12:57,45.8,84.1,88.0,66.4,13.7,-6.5,110.0,Star,Reach,,,,2.434942692554656,20.600000000000023,30
2026-08-26 19:12:58,44.9,86.1,,69.9,14.3,-6.7,110.0,Star,Reach,,,,2.499854062150046,25.0,30
2026-08-26 19:13:00,51.4,84.4,86.9,68.1,13.3,-4.8,108.0,Star,Reach,7.2347,48.092,64.388,2.3536320604778296,16.69999999999999,30
2026-08-26 19:13:01,47.9,85.6,87.4,69.9,13.9,-2.4,109.0,Star,Reach,,,,2.2821719406558287,22.0,30
2026-08-26 19:13:02,50.6,87.1,89.3,70.8,13.7,-4.6,108.0,Star,Reach,,,,2.2231586181736964,20.19999999999999,30
2026-08-26 19:13:03,49.7,85.6,88.7,68.4,13.5,-7.9,105.0,Star,Reach,,,,2.0715877021061524,18.69999999999999,30
2026-08-26 19:13:05,47.6,,86.2,69.5,13.4,-5.3,114.0,Star,Reach,,,,1.88782611309555,21.900000000000006,30
2026-08-26 19:13:06,47.8,84.2,86.7,67.4,13.1,-4.6,107.0,Star,Reach,,,,1.870139328876726,19.600000000000023,30
2026-08-26 19:13:07,46.8,84.5,86.7,67.6,13.3,-9.6,107.0,Star,Reach,,,,1.8753855257680516,20.80000000000001,30
2026-08-26 19:13:09,45.4,83.6,85.8,68.1,13.8,-6.6,113.0,Star,Reach,,,,1.8008069999540328,22.69999999999999,30
2026-08-26 19:13:10,45.2,83.6,85.6,67.5,13.7,-4.2,107.0,Star,Reach,,,,1.753711124892815,22.30000000000001,30
2026-08-26 19:13:11,45.4,83.2,85.4,66.5,13.4,-7.0,,Star,Reach,,,,1.4949612405088686,21.099999999999994,30
2026-08-26 19:13:12,45.9,83.5,85.3,68.3,13.0,-6.5,109.0,Star,Reach,7.2349,48.092,66.678,1.5138509292960136,22.400000000000006,30
2026-08-26 19:13:13,46.5,83.2,86.0,65.5,12.9,-4.8,112.0,Star,Reach,,,,1.2670007853916063,19.0,30
2026-08-26 19:13:14,45.6,84.6,86.4,69.5,13.2,,113.0,Star,Reach,,,,1.2422663959237932,23.900000000000006,30
2026-08-26 19:13:15,47.8,,87.2,68.2,12.9,-4.1,109.0,Star,Reach,,,,1.3056540150933933,20.400000000000006,30
2026-08-26 19:13:17,46.5,84.5,86.2,69.7,13.4,-7.6,106.0,Star,Reach,,,,1.1423454985303814,23.19999999999999,30
2026-08-26 19:13:18,46.0,83.5,,69.8,13.3,-5.9,110.0,Star,Reach,,,,1.1268794000032438,23.80000000000001,30
2026-08-26 19:13:20,46.7,82.1,85.0,67.2,13.3,-8.5,109.0,Star,Reach,7.235,48.092,66.0321,1.1373073305307384,20.5,30
2026-08-26 19:13:21,44.9,81.6,84.1,65.8,13.4,-7.2,111.0,Star,Reach,,,,1.1856715080188243,20.900000000000006,30
2026-08-26 19:13:23,44.4,80.5,82.4,62.7,13.5,-4.2,111.0,Star,Reach,,,,1.2175214526151161,18.30000000000001,30
2026-08-26 19:13:24,42.8,81.8,83.9,65.2,13.5,-3.9,111.0,Star,Reach,7.2351,48.092,67.7125,1.2148184941464129,22.400000000000006,30
2026-08-26 19:13:25,43.8,83.1,85.0,66.9,13.3,-4.8,110.0,Star,Reach,,,,1.2566423269936668,23.100000000000023,30
2026-08-26 19:13:26,46.0,,86.1,69.1,13.0,-8.7,107.0,Star,Reach,,,,1.1785004345471954,23.099999999999994,30
2026-08-26 19:13:27,45.0,83.6,86.4,68.3,12.8,-9.7,109.0,Star,Reach,,,,1.233657840669889,23.30000000000001,30
2026-08-26 19:13:28,46.5,84.0,,70.1,13.4,-8.3,113.0,Star,Reach,7.2352,48.092,67.704,1.295457897871021,23.599999999999994,30
2026-08-26 19:13:30,46.3,83.3,85.9,70.3,13.4,-3.3,114.0,Star,Reach,,,,1.3390714366216752,24.0,30
2026-08-26 19:13:31,47.2,81.2,84.0,69.1,13.3,-3.9,111.0,Star,Reach,,,,1.3666226788858638,21.899999999999977,30
2026-08-26 19:13:32,46.4,81.7,84.5,66.9,13.0,,109.0,Star,Reach,7.2353,48.092,66.6203,1.3380906003537325,20.5,30
2026-08-26 19:13:33,46.9,81.8,83.5,64.8,12.6,-5.8,108.0,Star,Reach,,,,1.3026109383573572,17.900000000000006,30
2026-08-26 19:13:34,46.4,83.8,85.8,66.9,12.9,-7.4,112.0,Star,Reach,,,,1.2516494726548784,20.5,30
2026-08-26 19:13:35,47.3,85.3,87.2,67.3,12.9,-7.9,,Star,Reach,,,,0.9799306698439638,20.0,30
2026-08-26 19:13:36,46.3,,88.3,70.4,13.2,-7.0,113.0,Star,Reach,7.2353,48.092,68.2911,0.7782035245290551,24.100000000000023,30
2026-08-26 19:13:37,47.9,85.7,88.7,71.8,13.7,-7.5,110.0,Star,Reach,,,,0.7880309263680687,23.900000000000006,30
2026-08-26 19:13:38,47.8,86.0,87.0,69.6,13.7,-10.7,106.0,Star,Reach,,,,0.7475098738712883,21.80000000000001,30
2026-08-26 19:13:40,46.7,84.4,86.9,72.2,14.6,-6.9,111.0,Star,Reach,7.2354,48.092,66.9013,0.7374093936480716,25.5,30
2026-08-26 19:13:41,47.4,83.5,86.2,70.2,14.4,-9.5,109.0,Star,Reach,,,,0.7430976557325027,22.80000000000001,30
2026-08-26 19:13:42,46.6,83.5,85.7,70.4,14.7,-8.5,108.0,Star,Reach,,,,0.7385731216578242,23.80000000000001,30
2026-08-26 19:13:43,46.1,81.0,84.0,67.9,14.9,,112.0,Star,Reach,,,,0.7577832039952462,21.80000000000001,30
2026-08-26 19:13:44,45.3,82.2,84.1,67.4,15.1,-7.4,113.0,Star,Reach,7.2355,48.092,66.1039,0.7730865395760936,22.100000000000023,30
2026-08-26 19:13:45,45.4,83.1,85.1,70.3,15.3,-6.4,112.0,Star,Reach,,,,0.7726272682646919,24.900000000000006,30
2026-08-26 19:13:46,47.1,82.5,84.8,69.5,15.0,-8.6,110.0,Star,Reach,,,,0.7490771187036678,22.400000000000006,30
2026-08-26 19:13:48,45.4,82.2,85.4,69.4,14.9,-6.1,112.0,Star,Reach,7.2356,48.092,66.7948,0.7467655845250256,24.0,30
2026-08-26 19:13:49,46.1,82.8,,67.5,14.9,-6.4,115.0,Star,Reach,,,,0.6668544384386047,21.400000000000006,30
2026-08-26 19:13:50,46.4,82.8,84.2,68.3,14.6,-6.2,113.0,Star,Reach,,,,0.6491437253035923,21.900000000000006,30
2026-08-26 19:13:51,47.1,83.1,85.3,66.7,14.3,,112.0,Star,Reach,,,,0.8449213682644819,19.599999999999994,30
2026-08-26 19:13:52,46.1,84.0,86.1,69.2,13.7,-7.9,110.0,Star,Reach,7.2356,48.092,66.4236,0.8837031783939218,23.099999999999994,30
2026-08-26 19:13:54,45.8,84.1,86.3,69.7,14.2,-6.3,113.0,Star,Reach,,,,0.9596347520029146,23.900000000000006,30
2026-08-26 19:13:55,46.5,83.2,85.7,68.4,14.0,-7.1,114.0,Star,Reach,,,,1.010629472906299,21.900000000000006,30
2026-08-26 19:13:56,46.4,82.0,84.6,68.5,13.8,-3.6,114.0,Star,Reach,7.2357,48.092,66.2775,0.9922752119004015,22.099999999999994,30
2026-08-26 19:13:57,44.9,,85.0,66.1,14.0,-2.9,114.0,Star,Reach,,,,1.0008225897890966,21.19999999999999,30
2026-08-26 19:13:58,46.5,83.4,86.1,66.9,13.1,-4.7,,Star,Reach,,,,0.9750941990369248,20.400000000000006,30
2026-08-26 19:13:59,46.8,83.8,,64.9,12.8,,108.0,Star,Reach,,,,0.996344531459055,18.100000000000023,30
2026-08-26 19:14:00,46.3,85.4,87.0,70.2,12.9,-6.8,108.0,Star,Reach,7.2358,48.092,67.8824,1.0025828417393112,23.900000000000006,30
2026-08-26 19:14:01,48.7,87.2,89.6,69.4,13.1,-6.2,109.0,Star,Reach,,,,1.5592790399334726,20.69999999999999,30
2026-08-26 19:14:02,47.9,86.4,88.8,70.2,13.1,-6.4,108.0,Star,Reach,,,,1.8775230557029132,22.30000000000001,30
2026-08-26 19:14:03,47.8,86.1,88.5,71.9,12.9,-6.6,110.0,Star,Reach,,,,1.9045831380337905,24.100000000000023,30
2026-08-26 19:14:05,48.4,84.2,86.8,68.9,12.7,,109.0,Star,Reach,,,,2.2253391786875305,20.5,30
2026-08-26 19:14:06,45.7,82.4,85.1,67.5,12.6,-5.0,113.0,Star,Reach,,,,2.2113130121364373,21.80000000000001,30
2026-08-26 19:14:07,45.9,,84.8,66.4,12.4,-2.4,109.0,Star,Reach,,,,2.1774128429124517,20.5,30
2026-08-26 19:14:08,46.4,82.5,86.5,67.1,12.0,-3.7,105.0,Star,Reach,7.2359,48.092,66.5092,2.140909367239535,20.69999999999999,30
2026-08-26 19:14:09,48.2,84.8,87.7,67.7,11.5,-3.4,106.0,Star,Reach,,,,2.1748851643656226,19.5,30
2026-08-26 19:14:10,47.6,86.0,,71.5,11.4,-4.8,105.0,Star,Reach,,,,2.211484812409123,23.900000000000006,30
2026-08-26 19:14:11,52.2,89.4,91.2,71.0,11.1,,104.0,Star,Reach,,,,2.2701767937099646,18.80000000000001,30
2026-08-26 19:14:12,51.8,89.8,91.9,76.5,11.7,-7.6,102.0,Star,Reach,7.236,48.092,67.0111,2.650968249208622,24.69999999999999,30
2026-08-26 19:14:14,53.1,88.2,90.8,70.9,12.7,-7.3,105.0,Star,Reach,,,,2.7466373859933104,17.80000000000001,30
2026-08-26 19:14:15,49.4,88.5,90.6,74.4,13.2,-8.3,109.0,Star,Reach,,,,2.714822670382059,25.0,30
2026-08-26 19:14:16,49.0,86.8,89.9,74.0,13.6,-7.2,108.0,Star,Reach,7.2361,48.092,66.5267,2.7190227533652798,25.0,30
2026-08-26 19:14:17,47.9,83.9,86.8,68.0,13.5,-7.2,,Star,Reach,,,,2.7160445198917786,20.099999999999994,30
2026-08-26 19:14:18,45.4,,87.2,71.8,14.2,-5.7,105.0,Star,Reach,,,,2.720820509686916,26.400000000000006,30
2026-08-26 19:14:19,45.8,84.9,85.5,71.4,13.8,,106.0,Star,Reach,,,,2.745688509540433,25.600000000000023,30
2026-08-26 19:14:21,45.3,79.2,82.6,65.8,13.5,-4.4,110.0,Star,Reach,,,,2.844791987604726,20.5,30
2026-08-26 19:14:22,42.1,80.9,82.2,68.9,13.9,-3.5,113.0,Star,Reach,,,,2.7013621895806463,26.80000000000001,30
2026-08-26 19:14:23,45.0,82.2,84.6,67.5,13.0,-4.3,111.0,Star,Reach,,,,2.5049282522399263,22.5,30
2026-08-26 19:14:24,46.1,82.3,84.6,67.4,13.2,-6.7,105.0,Star,Reach,7.2363,48.092,66.4562,2.4394205573166134,21.30000000000001,30
2026-08-26 19:14:25,45.4,82.1,84.1,68.1,12.9,-5.2,110.0,Star,Reach,,,,2.045405595324901,22.69999999999999,30
2026-08-26 19:14:26,46.1,83.6,85.8,70.4,13.2,-4.4,109.0,Star,Reach,,,,2.004468509714956,24.30000000000001,30
2026-08-26 19:14:28,49.0,,89.4,71.5,13.0,-8.4,108.0,Star,Reach,7.2363,48.092,67.2071,1.922966151179981,22.5,30
2026-08-26 19:14:29,49.5,87.3,88.8,73.5,13.1,-10.0,105.0,Star,Reach,,,,1.957972194619922,24.0,30
2026-08-26 19:14:31,49.3,86.5,,74.0,13.7,,111.0,Star,Reach,,,,1.9669492859243733,24.69999999999999,30
2026-08-26 19:14:32,50.2,85.2,87.6,73.0,13.4,-5.6,107.0,Star,Reach,7.2364,48.092,66.0891,1.9898102507615545,22.80000000000001,30
2026-08-26 19:14:33,48.1,83.4,86.3,71.1,13.9,-4.8,112.0,Star,Reach,,,,1.7827817292812422,23.0,30
2026-08-26 19:14:34,47.0,80.9,83.9,70.4,13.9,-3.7,110.0,Star,Reach,,,,1.7481300236067427,23.400000000000006,30
2026-08-26 19:14:35,45.8,80.4,82.5,66.0,13.3,-3.1,106.0,Star,Reach,,,,1.822855989889084,20.19999999999999,30
2026-08-26 19:14:36,45.0,81.7,83.5,67.6,13.2,-3.6,107.0,Star,Reach,7.2365,48.092,66.4824,1.8439444183439782,22.599999999999994,30
2026-08-26 19:14:37,46.9,82.8,85.0,68.9,13.0,-6.4,104.0,Star,Reach,,,,1.9543319150718956,22.0,30
2026-08-26 19:14:38,45.5,,84.4,68.7,13.0,,108.0,Star,Reach,,,,2.0572828779724714,23.19999999999999,30
2026-08-26 19:14:40,46.1,81.0,83.0,66.3,12.6,-3.5,108.0,Star,Reach,7.2366,48.092,66.1924,2.1875101002602464,20.19999999999999,30
2026-08-26 19:14:41,44.3,81.0,,64.4,12.6,-4.5,106.0,Star,Reach,,,,2.1672374404942354,20.100000000000023,30
2026-08-26 19:14:42,44.7,81.3,83.3,63.2,12.4,-4.8,111.0,Star,Reach,,,,2.162936179373406,18.5,30
2026-08-26 19:14:43,44.4,83.2,85.0,65.7,12.5,-4.4,113.0,Star,Reach,,,,2.0658081389039906,21.30000000000001,30
2026-08-26 19:14:44,46.2,86.4,87.7,69.1,12.6,-4.6,115.0,Star,Reach,7.2366,48.092,68.0019,2.0593557386084838,22.899999999999977,30
2026-08-26 19:14:45,49.0,87.5,89.7,70.8,12.3,-7.3,107.0,Star,Reach,,,,2.1148838985823657,21.80000000000001,30
2026-08-26 19:14:47,49.8,87.8,90.6,73.2,12.8,-6.0,109.0,Star,Reach,,,,2.0375382552081174,23.400000000000006,30
2026-08-26 19:14:48,50.2,87.7,90.0,73.6,12.7,,109.0,Star,Reach,7.2367,48.092,66.861,2.0682327308849624,23.399999999999977,30
2026-08-26 19:14:49,50.7,,90.1,72.0,13.1,-5.4,108.0,Star,Reach,,,,2.0189720409445604,21.30000000000001,30
2026-08-26 19:14:50,49.8,87.6,89.4,73.2,13.3,-7.6,108.0,Star,Reach,,,,1.9920209306915388,23.400000000000006,30
2026-08-26 19:14:51,49.2,86.6,,73.9,13.7,-7.3,111.0,Star,Reach,,,,2.022845620290404,24.69999999999999,30
2026-08-26 19:14:52,49.2,84.8,87.8,71.3,13.9,-4.4,110.0,Star,Reach,7.2368,48.092,66.0218,2.014289681418691,22.099999999999994,30
2026-08-26 19:14:53,47.2,81.7,84.5,68.6,13.5,-3.7,108.0,Star,Reach,,,,1.976152317747233,21.399999999999977,30
2026-08-26 19:14:54,46.9,82.2,84.3,68.9,13.3,-2.9,106.0,Star,Reach,,,,1.8111636449491633,22.0,30
2026-08-26 19:14:56,47.4,81.0,83.6,66.7,13.2,,107.0,Star,Reach,7.2369,48.092,66.221,1.8256845750561062,19.30000000000001,30
2026-08-26 19:14:57,45.9,81.3,82.9,65.1,12.7,-4.6,111.0,Star,Reach,,,,2.2833176142481335,19.19999999999999,30
2026-08-26 19:15:44,129.5,152.5,154.9,145.2,7.1,,,Star,Beat,7.2378,48.092,74.3188,2.3469078227295745,15.699999999999989,120
2026-08-26 19:15:45,129.4,152.5,154.1,144.9,7.0,-7.7,25.0,Star,Beat,,,,2.141126539208381,15.5,120
2026-08-26 19:15:46,130.8,153.0,155.2,143.7,6.9,-7.1,22.0,Star,Beat,,,,1.7241681590425846,12.899999999999977,120
2026-08-26 19:15:47,130.2,152.8,155.7,147.8,6.9,-7.1,21.0,Star,Beat,,,,2.009498715701519,17.600000000000023,120
2026-08-26 19:16:06,117.4,141.0,142.9,139.7,9.1,-10.4,29.0,Star,Beat,,,,2.6001519292431037,22.299999999999983,90
2026-08-26 19:16:07,111.7,138.2,140.8,129.1,8.2,-8.0,31.0,Star,Beat,,,,2.6001519292431037,17.399999999999977,90
2026-08-26 19:16:08,113.1,138.2,141.6,128.7,8.4,-8.4,26.0,Star,Beat,7.2382,48.092,74.7924,2.0696215068672097,15.599999999999994,90
2026-08-26 19:16:09,113.6,138.9,141.2,132.2,8.4,-9.3,31.0,Star,Beat,,,,2.2008799972999533,18.599999999999994,90
2026-08-26 19:16:10,115.5,141.3,143.2,141.4,9.7,-10.2,32.0,Star,Beat,,,,2.3717800033415717,25.900000000000006,90
2026-08-26 19:16:11,114.6,,142.3,129.6,8.4,-9.8,36.0,Star,Beat,,,,2.3494951812715086,15.0,90
2026-08-26 19:16:13,117.6,141.8,144.9,136.9,8.3,-9.2,31.0,Star,Beat,,,,2.258424327315422,19.30000000000001,90
2026-08-26 19:16:14,117.8,142.9,,136.9,8.9,,29.0,Star,Beat,,,,2.22834675786024,19.100000000000023,90
2026-08-26 19:16:16,118.7,143.8,145.8,136.9,8.2,-9.0,28.0,Star,Beat,7.2384,48.092,75.6444,2.220923133381656,18.19999999999999,90
2026-08-26 19:16:18,118.6,144.5,147.2,138.0,8.5,-7.5,29.0,Star,Beat,,,,1.9102115314630952,19.400000000000006,90
2026-08-26 19:16:19,119.2,143.5,146.2,136.0,8.3,-6.5,25.0,Star,Beat,,,,1.6984922769036084,16.80000000000001,90
2026-08-26 19:16:20,120.1,143.5,146.7,140.9,8.8,-7.4,28.0,Star,Beat,7.2385,48.092,75.015,1.6338116382356722,20.80000000000001,120
2026-08-26 19:16:21,118.2,143.2,144.8,134.4,7.6,-7.5,24.0,Star,Beat,,,,1.6299560982412875,16.19999999999999,90
2026-08-26 19:16:23,117.5,141.5,144.4,139.5,8.3,,,Star,Beat,,,,2.466531377404794,22.0,90
2026-08-26 19:17:11,110.4,138.2,141.5,131.4,10.6,,32.0,Star,Beat,,,,2.775404703360248,21.0,90
2026-08-26 19:17:12,108.4,138.1,139.9,127.6,10.2,-8.1,31.0,Star,Beat,7.2395,48.092,74.6419,2.5494271170947798,19.19999999999999,90
2026-08-26 19:17:14,105.9,,138.9,130.8,10.7,-9.7,30.0,Star,Beat,,,,2.3290914421966513,24.900000000000006,90
2026-08-26 19:17:15,107.5,136.5,139.3,125.6,10.7,-9.1,37.0,Star,Beat,,,,2.504388633870229,18.099999999999994,90
2026-08-26 19:17:30,97.1,127.9,129.5,119.5,11.0,-11.1,40.0,Star,Beat,,,,2.9783509444412926,22.400000000000006,90
2026-08-26 19:17:31,97.6,129.1,130.9,119.5,11.7,-10.8,41.0,Star,Beat,,,,2.5859080451552923,21.900000000000006,90
2026-08-26 19:17:32,98.7,129.1,130.8,119.5,11.5,-9.7,39.0,Star,Beat,7.2398,48.092,74.6456,2.8228635696660915,20.80000000000001,90
2026-08-26 19:17:33,98.7,127.6,131.1,123.2,12.0,-11.5,44.0,Star,Beat,,,,2.6437393805811418,24.5,90
2026-08-26 19:17:34,96.0,,130.0,117.5,11.6,-10.7,41.0,Star,Beat,,,,2.577630641411711,21.5,90
2026-08-26 19:17:35,97.5,128.3,130.5,122.1,12.3,-10.8,45.0,Star,Beat,,,,2.5429020130641247,24.599999999999994,90
2026-08-26 19:17:53,108.5,137.2,139.7,128.6,9.6,-8.4,33.0,Star,Beat,,,,2.8579442211624797,20.099999999999994,90
2026-08-26 19:17:55,108.5,,140.2,124.6,9.6,-8.0,37.0,Star,Beat,,,,2.2715026171160346,16.099999999999994,90
2026-08-26 19:17:56,114.6,138.1,137.6,127.0,9.7,-10.8,37.0,Star,Beat,7.2403,48.092,76.7022,2.342093367324292,12.400000000000006,90
2026-08-26 19:17:57,107.8,135.9,139.2,129.9,9.5,-10.3,34.0,Star,Beat,,,,2.2933890529417793,22.100000000000023,90
2026-08-26 19:17:58,109.8,136.4,,125.9,9.8,-8.3,33.0,Star,Beat,,,,2.1238743142830376,16.100000000000023,90
2026-08-26 19:17:59,109.4,135.7,138.8,127.3,9.7,-8.2,,Star,Beat,,,,1.8391406079688863,17.899999999999977,90
2026-08-26 19:18:00,107.9,135.8,137.6,130.1,10.0,-8.6,35.0,Star,Beat,7.2404,48.092,75.2133,1.8478313206173114,22.19999999999999,90
2026-08-26 19:18:01,107.6,135.3,136.8,123.6,9.5,-11.3,40.0,Star,Beat,,,,1.8569469297817889,16.0,90
2026-08-26 19:18:02,110.8,136.2,139.3,130.3,9.8,-9.2,34.0,Star,Beat,,,,1.8773512200198836,19.5,90
2026-08-26 19:18:03,110.0,137.5,140.0,130.3,10.3,,35.0,Star,Beat,,,,1.8553680727911805,20.30000000000001,90
2026-08-26 19:18:04,106.7,135.5,137.6,124.0,9.7,-7.8,36.0,Star,Beat,7.2405,48.092,73.6636,1.8553680727915733,17.30000000000001,90
2026-08-26 19:18:05,107.5,,138.8,131.6,10.4,-8.2,32.0,Star,Beat,,,,1.8217342724311192,24.099999999999994,90
2026-08-26 19:18:06,106.3,135.5,137.1,120.6,9.7,-8.4,40.0,Star,Beat,,,,1.9280697093455255,14.300000000000011,90
2026-08-26 19:18:07,109.5,136.3,139.3,129.0,10.1,-7.7,34.0,Star,Beat,,,,1.4804531623854225,19.5,90
2026-08-26 19:18:08,109.6,137.0,,128.5,10.2,-7.1,35.0,Star,Beat,7.2405,48.092,74.2449,1.6307990174733298,18.900000000000006,90
2026-08-26 19:18:10,110.7,133.1,137.2,118.8,9.8,,43.0,Star,Beat,,,,1.631100973790205,8.099999999999994,90
2026-08-26 19:18:11,107.1,135.1,136.7,135.0,10.9,-9.3,29.0,Star,Beat,,,,1.8363758290877452,27.900000000000006,90
2026-08-26 19:18:12,107.6,134.3,136.3,122.7,9.7,-9.3,36.0,Star,Beat,7.2406,48.092,74.0127,2.2939193029455915,15.100000000000023,90
2026-08-26 19:18:13,109.4,135.8,138.6,129.0,10.3,-8.7,38.0,Star,Beat,,,,2.8127446724109553,19.599999999999994,90
2026-08-26 19:18:14,108.5,136.3,138.1,128.7,10.2,-8.4,33.0,Star,Beat,,,,2.844765049736227,20.19999999999999,90
2026-08-26 19:18:31,96.2,124.4,126.6,114.2,12.0,-9.5,42.0,Star,Beat,,,,2.3012452997443518,18.0,90
2026-08-26 19:18:32,97.6,126.1,128.0,117.0,11.8,-9.9,46.0,Star,Beat,7.241,48.092,73.8974,1.7807020757200014,19.400000000000006,90
2026-08-26 19:18:33,96.9,126.9,129.8,120.6,12.0,-9.3,41.0,Star,Beat,,,,1.6813470019122643,23.69999999999999,90
2026-08-26 19:18:34,97.6,126.7,129.1,115.4,11.3,-9.9,,Star,Beat,,,,1.7632204527976785,17.80000000000001,90
2026-08-26 19:18:35,99.4,128.9,,119.7,12.3,-10.7,46.0,Star,Beat,,,,1.7632204527976785,20.30000000000001,90
2026-08-26 19:18:37,99.6,,130.7,119.4,12.4,-11.6,43.0,Star,Beat,,,,1.7596048581095176,19.80000000000001,90
2026-08-26 19:18:38,99.3,127.1,129.2,125.0,12.1,,45.0,Star,Beat,,,,1.7546838357605858,25.69999999999999,90
2026-08-26 19:18:39,101.1,129.5,131.6,118.4,11.4,-11.9,39.0,Star,Beat,,,,1.7548257916972374,17.30000000000001,90
2026-08-26 19:18:40,99.7,128.8,131.2,117.0,11.6,-10.3,39.0,Star,Beat,7.2411,48.092,74.5248,1.6965343532707793,17.30000000000001,90
2026-08-26 19:18:42,98.1,126.6,129.3,120.2,12.0,-11.1,45.0,Star,Beat,,,,1.4723523589774863,22.100000000000023,90
2026-08-26 19:18:43,101.6,131.3,133.4,115.9,11.7,-9.1,37.0,Star,Beat,,,,1.60458696785119,14.300000000000011,90
2026-08-26 19:18:44,101.6,131.0,133.5,118.7,11.5,-8.5,42.0,Star,Beat,7.2412,48.092,74.1464,1.499757562749295,17.100000000000023,90
2026-08-26 19:18:46,97.8,130.3,,118.1,11.4,-10.1,42.0,Star,Beat,,,,1.657393392979672,20.30000000000001,90
2026-08-26 19:18:47,100.0,,132.3,118.3,12.1,-10.2,49.0,Star,Beat,,,,1.7191725889192802,18.30000000000001,90
2026-08-26 19:18:48,98.8,129.0,131.7,121.2,11.6,,39.0,Star,Beat,7.2413,48.092,73.6477,1.7153347170463609,22.400000000000006,90
2026-08-26 19:18:49,98.8,128.8,130.8,117.8,12.0,-9.9,47.0,Star,Beat,,,,1.7382813915712472,19.0,90
2026-08-26 19:18:50,99.8,128.9,131.4,119.9,12.3,-11.0,43.0,Star,Beat,,,,1.9003688544909287,20.100000000000023,90
2026-08-26 19:18:51,101.1,130.6,132.7,123.2,12.5,-11.6,45.0,Star,Beat,,,,1.8932698642448393,22.100000000000023,90
2026-08-26 19:18:52,102.0,131.4,133.9,121.4,12.2,-11.4,39.0,Star,Beat,7.2414,48.092,73.8877,1.8238626594480407,19.400000000000006,90
2026-08-26 19:18:53,103.0,131.6,134.0,121.7,12.5,-8.9,43.0,Star,Beat,,,,1.747824083566821,18.69999999999999,90
2026-08-26 19:18:55,101.3,131.9,134.0,119.6,11.7,-9.5,40.0,Star,Beat,,,,1.751713785580948,18.30000000000001,90
2026-08-26 19:18:56,103.9,130.3,132.6,121.5,12.2,-10.2,38.0,Star,Beat,7.2414,48.092,74.0223,1.7101429581522691,17.599999999999994,90
2026-08-26 19:18:57,103.0,,,119.9,11.5,,,Star,Beat,,,,1.564192700878289,16.900000000000006,90
2026-08-26 19:18:58,101.3,128.9,131.2,122.3,11.6,-8.0,36.0,Star,Beat,,,,1.7473292456034468,21.0,90
2026-08-26 19:18:59,98.8,127.3,129.6,117.9,11.7,-10.5,43.0,Star,Beat,,,,1.781405148641622,19.100000000000023,90
2026-08-26 19:19:00,104.0,128.0,130.3,119.2,12.0,-13.0,46.0,Star,Beat,7.2415,48.092,76.0341,1.879969079416341,15.199999999999989,90
2026-08-26 19:19:01,101.5,126.7,129.0,119.6,11.9,-13.8,51.0,Star,Beat,,,,1.9176649784400785,18.099999999999994,90
2026-08-26 19:19:02,100.5,127.0,129.4,119.5,12.1,-13.5,44.0,Star,Beat,,,,2.0349564403852787,19.0,90
2026-08-26 19:19:04,100.2,126.4,128.7,115.8,12.0,-11.5,43.0,Star,Beat,7.2416,48.092,74.7464,2.2079419802871216,15.599999999999994,90
2026-08-26 19:19:05,100.3,128.9,131.3,120.7,12.6,-10.9,35.0,Star,Beat,,,,2.2044903395300994,20.400000000000006,90
2026-08-26 19:19:06,100.3,127.3,129.7,117.4,11.7,,42.0,Star,Beat,,,,2.183252525443122,17.100000000000023,90
2026-08-26 19:19:07,100.1,125.1,127.4,116.6,11.8,-8.6,36.0,Star,Beat,,,,2.0081560056666774,16.5,90
2026-08-26 19:19:08,97.4,,,113.5,11.3,-10.5,40.0,Star,Beat,7.2417,48.092,73.5496,1.9466886902343918,16.099999999999994,90
2026-08-26 19:19:09,98.3,127.0,129.3,115.0,12.3,-10.8,42.0,Star,Beat,,,,1.9632027691862446,16.69999999999999,90
2026-08-26 19:19:10,97.5,126.1,128.4,115.9,11.8,-11.2,42.0,Star,Beat,,,,2.0156538767925314,18.400000000000006,90
2026-08-26 19:19:12,97.8,125.4,127.7,116.1,12.2,-11.8,44.0,Star,Beat,7.2417,48.092,73.8172,1.9118205955658938,18.30000000000001,90
2026-08-26 19:19:13,96.8,124.7,127.0,113.8,12.1,-13.1,46.0,Star,Beat,,,,1.9451811827845342,17.0,90
2026-08-26 19:19:14,97.0,126.3,128.7,116.5,12.6,-13.5,45.0,Star,Beat,,,,1.9458386118442395,19.5,90
2026-08-26 19:19:15,97.8,127.0,129.4,115.4,12.0,,40.0,Star,Beat,,,,2.151026968331527,17.600000000000023,90
2026-08-26 19:19:16,99.2,128.5,130.9,119.1,12.5,-12.2,38.0,Star,Beat,7.2418,48.092,74.7654,2.1672029662108585,19.899999999999977,90
2026-08-26 19:19:18,102.3,,,119.2,12.1,-11.9,40.0,Star,Beat,,,,2.2273425602972394,16.900000000000006,90
2026-08-26 19:19:19,101.6,130.5,132.8,122.6,12.4,-11.5,,Star,Beat,,,,2.186648558815306,21.0,90
2026-08-26 19:19:20,101.7,130.2,132.6,121.3,11.9,-9.8,36.0,Star,Beat,7.2419,48.092,74.1528,2.4179474520514286,19.599999999999994,90
2026-08-26 19:19:21,101.9,129.9,132.2,120.4,11.5,-9.6,38.0,Star,Beat,,,,2.6061384289204494,18.5,90
2026-08-26 19:19:22,102.8,131.0,133.3,120.1,11.9,-9.3,37.0,Star,Beat,,,,2.6061384289204494,17.30000000000001,90
2026-08-26 19:19:23,101.4,130.2,132.5,120.9,11.7,-9.7,39.0,Star,Beat,,,,2.885124182911189,19.5,90
2026-08-26 19:19:39,92.2,,122.9,112.3,12.6,-9.7,,Star,Beat,,,,2.996486918924911,20.099999999999994,90
2026-08-26 19:19:40,91.7,120.1,123.0,109.9,12.1,-10.1,50.0,Star,Beat,7.2423,48.092,73.6472,2.5882104439235007,18.19999999999999,90
2026-08-26 19:19:41,89.1,119.6,120.7,111.2,12.3,-9.7,49.0,Star,Beat,,,,2.4331773099772898,22.100000000000023,60
2026-08-26 19:19:43,88.5,116.7,119.7,105.4,12.6,-9.8,51.0,Star,Beat,,,,2.1998525959142055,16.900000000000006,60
2026-08-26 19:19:44,88.5,118.2,120.0,110.2,12.3,-9.9,48.0,Star,Beat,7.2424,48.092,73.879,2.091599760334653,21.69999999999999,60
2026-08-26 19:19:45,88.4,116.4,118.7,107.0,12.3,-9.7,53.0,Star,Beat,,,,1.9918786340884271,18.599999999999994,60
2026-08-26 19:19:46,87.1,116.4,,108.3,12.4,-9.6,48.0,Star,Beat,,,,1.9802737859459614,21.19999999999999,60
2026-08-26 19:19:48,87.2,115.8,117.2,105.4,12.6,-10.4,55.0,Star,Beat,7.2424,48.092,72.2339,1.9733293207480154,18.19999999999999,60
2026-08-26 19:19:53,88.8,119.3,121.3,110.1,12.9,-12.5,52.0,Star,Beat,,,,2.6496756282994056,21.30000000000001,60
2026-08-26 19:19:54,87.4,118.4,121.5,106.4,13.6,-14.4,51.0,Star,Beat,,,,2.774586185298428,19.0,60
2026-08-26 19:19:55,90.6,121.4,125.1,108.4,13.3,,58.0,Star,Beat,,,,2.7789725196066635,17.80000000000001,90
2026-08-26 19:19:56,88.0,123.7,125.1,113.0,13.7,-16.0,,Star,Beat,7.2426,48.092,76.5334,2.687509380975052,25.0,60
2026-08-26 19:19:58,85.6,117.2,121.9,106.8,13.2,-7.7,52.0,Star,Beat,,,,2.5708197496206115,21.19999999999999,60
2026-08-26 19:19:59,83.7,,119.9,108.6,13.5,-9.9,53.0,Star,Beat,,,,2.538800062480652,24.899999999999977,60
2026-08-26 19:20:00,83.3,117.8,119.2,105.2,13.7,-11.2,55.0,Star,Beat,7.2427,48.092,71.9666,2.5072601057193817,21.900000000000006,60
2026-08-26 19:20:01,81.6,115.9,117.8,102.9,13.9,,55.0,Star,Beat,,,,2.492489489290093,21.30000000000001,60
2026-08-26 19:20:02,82.7,116.7,118.8,106.0,13.9,-9.4,55.0,Star,Beat,,,,2.5291733682884074,23.30000000000001,60
2026-08-26 19:20:03,83.2,116.1,118.5,106.2,13.6,-9.5,56.0,Star,Beat,,,,2.5291733682884074,23.0,60
2026-08-26 19:20:04,82.1,114.5,116.8,100.1,13.5,-10.4,60.0,Star,Beat,7.2427,48.092,73.1371,2.435513916054457,18.0,60
2026-08-26 19:20:06,84.5,117.5,119.8,106.1,13.7,-10.8,55.0,Star,Beat,,,,2.7426266044554097,21.599999999999994,60
2026-08-26 19:20:07,84.6,117.6,,110.1,13.7,-11.7,63.0,Star,Beat,,,,2.698970065436425,25.5,60
2026-08-26 19:20:08,84.4,118.0,119.3,103.0,13.3,-13.5,57.0,Star,Beat,7.2428,48.092,74.3564,2.7857919432139737,18.599999999999994,60
2026-08-26 19:20:09,83.6,,119.8,106.4,13.6,-11.2,55.0,Star,Beat,,,,2.7199139364963827,22.80000000000001,60
2026-08-26 19:20:10,82.9,118.1,119.9,102.9,13.3,,59.0,Star,Beat,,,,2.7417207562649017,20.0,60
2026-08-26 19:20:11,82.5,115.6,118.3,107.0,12.9,-10.6,58.0,Star,Beat,,,,2.794014340352162,24.5,60
2026-08-26 19:21:29,245.5,224.8,227.4,239.7,10.7,,-74.0,Port,Beat,,,,1.5150233529897645,-5.800000000000011,240
2026-08-26 19:21:31,246.0,225.1,,239.2,11.4,8.2,-78.0,Port,Beat,,,,1.2099334406399984,-6.800000000000011,240
2026-08-26 19:21:32,246.4,224.6,227.5,239.8,11.5,9.9,-77.0,Port,Beat,7.2444,48.092,71.2451,1.2062103184782322,-6.599999999999994,240
2026-08-26 19:21:33,244.4,221.8,225.9,234.0,12.0,9.4,-76.0,Port,Beat,,,,1.1451047475136786,-10.400000000000006,240
2026-08-26 19:21:34,245.2,,224.8,239.8,11.3,9.5,-75.0,Port,Beat,,,,1.1451047475136786,-5.399999999999977,240
2026-08-26 19:21:35,244.6,223.1,225.1,236.9,11.3,9.6,-80.0,Port,Beat,,,,1.14797380171396,-7.699999999999989,240
2026-08-26 19:21:37,243.5,221.7,224.4,239.9,10.8,9.2,-71.0,Port,Beat,,,,1.102779053229714,-3.5999999999999943,240
2026-08-26 19:21:38,243.8,221.2,224.0,231.6,12.1,,-76.0,Port,Beat,,,,1.1202899049546318,-12.200000000000017,240
2026-08-26 19:21:39,245.4,223.9,225.8,234.8,11.1,8.2,-80.0,Port,Beat,,,,1.1368972777596174,-10.599999999999994,240
2026-08-26 19:21:40,245.1,223.3,225.8,239.4,11.1,9.0,-69.0,Port,Beat,7.2446,48.092,72.1366,1.1700134034882266,-5.699999999999989,240
2026-08-26 19:21:41,245.6,223.5,225.2,236.4,11.2,10.7,-74.0,Port,Beat,,,,1.317464807085213,-9.199999999999989,240
2026-08-26 19:21:42,246.9,224.3,,240.9,10.9,10.7,-71.0,Port,Beat,,,,1.35462665264677,-6.0,240
2026-08-26 19:21:43,247.0,224.1,227.4,236.0,11.8,9.9,-73.0,Port,Beat,,,,1.435417845729343,-11.0,240
2026-08-26 19:21:45,247.5,226.4,228.5,236.4,11.5,10.4,-72.0,Port,Beat,,,,1.4783964200585387,-11.099999999999994,240
2026-08-26 19:21:46,246.3,224.6,227.8,239.5,11.0,10.0,-78.0,Port,Beat,,,,1.450731694635726,-6.800000000000011,240
2026-08-26 19:21:48,247.0,226.1,228.6,240.2,11.3,10.2,-75.0,Port,Beat,7.2447,48.092,71.4997,1.5725625189161498,-6.800000000000011,240
2026-08-26 19:21:49,247.1,225.2,227.5,239.8,11.3,9.8,-73.0,Port,Beat,,,,1.3691633633926954,-7.299999999999983,240
2026-08-26 19:21:50,247.0,225.0,227.1,239.4,11.4,10.0,-76.0,Port,Beat,,,,1.296924373660823,-7.599999999999994,240
2026-08-26 19:21:51,248.8,227.5,229.5,237.0,11.2,8.7,-76.0,Port,Beat,,,,1.1842503720419584,-11.800000000000011,240
2026-08-26 19:21:52,247.4,226.7,,238.9,11.6,9.6,-75.0,Port,Beat,7.2448,48.092,71.5648,1.092712546077519,-8.5,240
2026-08-26 19:21:53,248.2,226.0,229.5,242.8,11.3,10.3,-71.0,Port,Beat,,,,1.0789366201727817,-5.399999999999977,240
2026-08-26 19:21:54,246.3,224.7,227.0,237.4,11.8,10.4,-79.0,Port,Beat,,,,1.0659176714509608,-8.900000000000006,240
2026-08-26 19:21:55,249.0,,227.4,237.6,11.6,,,Port,Beat,,,,1.0457525449774985,-11.400000000000006,240
2026-08-26 19:21:57,249.9,228.6,230.9,242.5,11.4,6.9,-76.0,Port,Beat,,,,1.03730932678217,-7.400000000000006,240
2026-08-26 19:21:58,250.1,227.8,228.9,244.0,11.7,8.3,-71.0,Port,Beat,,,,1.053998912320088,-6.099999999999994,240
2026-08-26 19:21:59,247.4,224.5,227.1,235.3,11.8,9.0,-73.0,Port,Beat,,,,1.0846213041897135,-12.099999999999994,240
2026-08-26 19:22:00,247.6,224.4,226.7,237.4,12.0,7.4,-70.0,Port,Beat,7.245,48.092,69.9441,1.1600283552937558,-10.199999999999989,240
2026-08-26 19:22:01,248.0,225.5,226.8,238.4,11.8,7.3,-74.0,Port,Beat,,,,1.196889862689884,-9.599999999999994,240
2026-08-26 19:22:02,247.8,225.6,228.5,235.0,11.8,7.1,-68.0,Port,Beat,,,,1.213617934343083,-12.800000000000011,240
2026-08-26 19:22:03,247.9,225.3,,239.3,11.7,,-66.0,Port,Beat,,,,1.2569466217332854,-8.599999999999994,240
2026-08-26 19:22:04,247.7,227.8,228.1,238.7,11.8,7.3,-72.0,Port,Beat,7.245,48.092,69.7926,1.2435357260701478,-9.0,240
2026-08-26 19:22:05,247.2,,230.8,243.0,11.5,8.1,-69.0,Port,Beat,,,,1.2329128980278607,-4.199999999999989,240
2026-08-26 19:22:06,246.9,226.7,229.2,241.2,11.9,10.1,-73.0,Port,Beat,,,,1.2708650835525683,-5.700000000000017,240
2026-08-26 19:22:08,246.0,224.9,226.9,240.0,11.8,10.5,-73.0,Port,Beat,7.2451,48.092,70.8399,1.2081312044574746,-6.0,240
2026-08-26 19:22:09,246.4,224.3,226.2,238.1,11.9,10.8,-75.0,Port,Beat,,,,1.0427254781516995,-8.300000000000011,240
2026-08-26 19:22:10,245.8,224.8,226.6,238.6,12.1,,-72.0,Port,Beat,,,,1.1168734779197644,-7.200000000000017,240
2026-08-26 19:22:11,246.2,224.8,226.7,237.8,12.1,10.7,,Port,Beat,,,,1.2028619942570327,-8.399999999999977,240
2026-08-26 19:22:12,246.0,224.7,227.7,237.0,12.1,11.0,-74.0,Port,Beat,7.2452,48.092,70.97,1.2052781889872777,-9.0,240
2026-08-26 19:22:13,246.0,223.3,,237.2,12.3,9.8,-75.0,Port,Beat,,,,1.2192643085753525,-8.800000000000011,240
2026-08-26 19:22:14,247.1,225.3,225.7,237.6,12.4,9.6,-74.0,Port,Beat,,,,1.2665401811651724,-9.5,240
2026-08-26 19:22:15,248.2,227.3,227.2,235.2,12.5,10.7,-69.0,Port,Beat,,,,1.298098880779253,-13.0,240
2026-08-26 19:22:16,249.5,,229.6,240.5,12.0,9.7,-74.0,Port,Beat,7.2453,48.092,70.6065,1.4196695077655652,-9.0,240
2026-08-26 19:22:18,249.2,229.1,230.8,244.5,11.6,10.9,-77.0,Port,Beat,,,,1.641711336389602,-4.699999999999989,240
2026-08-26 19:22:19,248.0,226.5,229.9,241.8,12.0,,-72.0,Port,Beat,,,,1.6738037717194088,-6.199999999999989,240
2026-08-26 19:22:20,249.1,227.4,229.6,237.7,12.5,9.6,-70.0,Port,Beat,7.2453,48.092,70.1469,1.781154533279599,-11.400000000000006,240
2026-08-26 19:22:21,249.4,227.2,228.3,241.3,12.1,8.5,-72.0,Port,Beat,,,,1.8166457843525683,-8.099999999999994,240
2026-08-26 19:22:22,248.1,226.5,227.6,242.6,11.8,9.2,-75.0,Port,Beat,,,,1.8133481087762948,-5.5,240
2026-08-26 19:22:23,246.6,224.4,227.4,237.6,11.6,9.5,-70.0,Port,Beat,,,,1.8066881411674904,-9.0,240
2026-08-26 19:22:24,245.8,222.9,,236.4,12.2,9.6,-70.0,Port,Beat,7.2454,48.092,69.7118,1.7986943378742886,-9.400000000000006,240
2026-08-26 19:34:32,108.0,135.2,137.8,124.7,11.0,-11.6,,Star,Beat,7.2593,48.092,74.6765,2.9824990429312357,16.69999999999999,90
2026-08-26 19:34:33,110.6,137.4,138.7,129.5,11.4,-12.9,,Star,Beat,,,,2.914451819230052,18.900000000000006,90
2026-08-26 19:34:34,109.1,134.9,138.2,124.7,11.0,-13.7,,Star,Beat,,,,2.7564793501115905,15.600000000000023,90
2026-08-26 19:34:35,108.2,135.6,138.4,124.9,11.0,,,Star,Beat,,,,2.3911253253470854,16.69999999999999,90
2026-08-26 19:34:36,110.5,137.6,139.5,126.3,11.7,-13.2,,Star,Beat,7.2594,48.092,76.7524,2.1170884395595486,15.800000000000011,90
2026-08-26 19:34:38,109.0,,139.4,126.2,11.3,-11.2,,Star,Beat,,,,1.540361481322784,17.19999999999999,90
2026-08-26 19:34:39,109.0,137.8,138.7,126.6,11.2,-11.6,,Star,Beat,,,,1.540361481322784,17.599999999999994,90
2026-08-26 19:34:40,107.4,136.3,139.0,127.2,11.7,-12.1,,Star,Beat,7.2594,48.092,75.5072,1.6933462845352136,19.80000000000001,90
2026-08-26 19:34:41,107.4,136.7,,127.1,11.4,-11.4,,Star,Beat,,,,1.7031371933951172,19.69999999999999,90
2026-08-26 19:34:42,105.5,135.9,137.5,129.3,12.1,,,Star,Beat,,,,1.6944910513417184,23.80000000000001,90
2026-08-26 19:34:43,106.7,137.1,139.7,127.6,11.8,-10.6,,Star,Beat,,,,1.6975296651201566,20.899999999999977,90
2026-08-26 19:34:44,104.8,136.0,137.7,126.1,11.8,-10.1,,Star,Beat,7.2595,48.092,74.1907,1.747609144559928,21.30000000000001,90
2026-08-26 19:34:45,106.1,135.7,138.1,126.4,11.6,-9.9,,Star,Beat,,,,2.214313910829978,20.30000000000001,90
2026-08-26 19:34:46,106.5,136.0,138.0,126.7,11.9,-11.4,,Star,Beat,,,,2.89067197677689,20.19999999999999,90
2026-08-26 19:35:17,125.2,147.8,149.7,134.3,8.7,,,Star,Beat,,,,2.4501146797317612,9.100000000000023,120
2026-08-26 19:35:18,125.1,,149.7,140.5,8.6,-8.0,,Star,Beat,,,,1.7925403968145452,15.400000000000006,120
2026-08-26 19:35:19,121.6,146.9,149.1,137.0,8.7,-6.8,,Star,Beat,,,,1.7052972287496593,15.400000000000006,120
2026-08-26 19:35:20,120.9,146.4,147.8,136.3,8.3,-7.7,,Star,Beat,7.2602,48.092,75.0153,1.658189340042158,15.400000000000006,120
2026-08-26 19:35:21,121.9,146.3,,137.7,8.3,-7.6,,Star,Beat,,,,1.6442949090540522,15.799999999999983,120
2026-08-26 19:35:22,123.1,144.7,147.0,135.7,8.6,-7.7,,Star,Beat,,,,1.575732608227863,12.599999999999994,120
2026-08-26 19:35:23,123.2,145.3,148.3,137.6,9.0,-6.8,,Star,Beat,,,,1.7839561463365199,14.399999999999977,120
2026-08-26 19:35:24,124.6,146.5,148.7,137.7,8.4,-6.9,,Star,Beat,7.2603,48.092,75.5661,1.9097197503409817,13.099999999999994,120
2026-08-26 19:35:25,124.4,146.6,148.1,137.8,8.6,-7.1,,Star,Beat,,,,1.9380569404089134,13.400000000000006,120
2026-08-26 19:35:26,125.8,147.8,149.9,139.1,8.9,-7.5,,Star,Beat,,,,1.990999546293309,13.300000000000011,120
2026-08-26 19:35:27,125.9,148.4,150.4,139.8,8.7,,,Star,Beat,,,,1.967272482903639,13.900000000000006,120
2026-08-26 19:35:29,125.0,147.0,150.5,140.4,8.6,-7.0,,Star,Beat,,,,1.896881943935736,15.400000000000006,120
2026-08-26 19:35:30,125.6,147.5,148.9,138.5,8.6,-5.6,,Star,Beat,,,,2.023532830549754,12.900000000000006,120
2026-08-26 19:35:31,125.2,146.8,,138.5,8.5,-6.3,,Star,Beat,,,,2.0656562172459965,13.300000000000011,120
2026-08-26 19:35:32,122.5,143.8,146.9,135.2,8.6,-6.2,,Star,Beat,7.2604,48.092,74.3016,2.1754841183733036,12.699999999999989,120
2026-08-26 19:35:33,119.5,144.0,146.8,137.8,9.1,-7.3,,Star,Beat,,,,2.427169991343086,18.30000000000001,90
2026-08-26 19:35:34,120.4,143.7,146.0,136.3,9.2,-7.1,,Star,Beat,,,,2.61633558646984,15.900000000000006,120
2026-08-26 19:35:35,121.6,145.2,147.3,138.4,9.2,,,Star,Beat,,,,2.6247092752947276,16.80000000000001,120
2026-08-26 19:35:37,121.9,145.2,147.7,138.9,9.2,-5.6,,Star,Beat,,,,2.926320892151159,17.0,120
2026-08-26 19:35:38,121.8,,146.8,136.6,8.9,-6.7,,Star,Beat,,,,2.937683577258412,14.800000000000011,120
2026-08-26 19:35:39,122.3,144.4,147.2,138.6,8.4,-7.1,,Star,Beat,,,,2.990519309827911,16.30000000000001,120
2026-08-26 19:35:40,119.6,143.8,143.9,132.2,8.4,-7.6,,Star,Beat,7.2606,48.092,74.8327,2.855275492739613,12.599999999999994,90
2026-08-26 19:35:41,120.2,142.5,,135.4,8.2,-6.1,,Star,Beat,,,,2.553315118684531,15.199999999999989,120
2026-08-26 19:35:42,119.7,140.8,143.3,133.9,8.9,-6.6,,Star,Beat,,,,2.214251482054427,14.199999999999989,90
2026-08-26 19:35:43,117.9,141.7,144.2,135.3,8.7,-5.7,,Star,Beat,,,,2.0714356738574553,17.400000000000006,90
2026-08-26 19:35:44,118.0,141.4,143.3,134.3,9.0,,,Star,Beat,7.2607,48.092,74.5558,2.7899836353966454,16.30000000000001,90
2026-08-26 19:36:25,128.2,145.9,147.9,136.1,9.0,-9.8,,Star,Beat,,,,2.9408394752032674,7.900000000000006,120
2026-08-26 19:36:49,129.9,148.2,150.5,141.4,8.6,-5.6,,Star,Beat,,,,1.8726267803940133,11.5,120
2026-08-26 19:36:50,129.3,,,140.1,8.8,-6.7,,Star,Beat,,,,1.7991938674732213,10.799999999999983,120
2026-08-26 19:36:52,127.2,145.4,147.7,137.4,9.2,-8.1,,Star,Beat,7.262,48.092,75.256,1.8956417326860366,10.199999999999989,120
2026-08-26 19:36:53,126.4,144.7,147.0,137.7,9.1,,,Star,Beat,,,,1.951906899216531,11.299999999999983,120
2026-08-26 19:36:54,126.3,144.5,146.8,136.4,8.8,-8.3,,Star,Beat,,,,1.9162939575884312,10.100000000000023,120
2026-08-26 19:36:55,127.4,145.6,147.9,138.6,9.0,-7.9,,Star,Beat,,,,1.9527324826094299,11.199999999999989,120
2026-08-26 19:36:56,128.7,146.0,148.3,139.5,9.3,-6.8,,Star,Beat,7.262,48.092,75.1815,1.955223709270909,10.800000000000011,120
2026-08-26 19:36:58,127.1,146.0,148.3,139.2,9.2,-8.4,,Star,Beat,,,,1.8790026406422953,12.099999999999994,120
2026-08-26 19:36:59,129.7,148.6,150.9,143.9,9.0,-7.2,,Star,Beat,,,,1.9152005922614808,14.200000000000017,120
2026-08-26 19:37:00,130.7,,,139.7,8.3,-7.0,,Star,Beat,7.2621,48.092,75.2767,1.9606618595556646,9.0,120
2026-08-26 19:37:01,132.5,149.0,151.3,143.9,9.4,-7.2,,Star,Beat,,,,2.022829227533824,11.400000000000006,120
2026-08-26 19:37:02,130.2,148.2,150.5,138.3,8.2,,,Star,Beat,,,,2.022829227533824,8.100000000000023,120
2026-08-26 19:37:03,131.4,149.0,151.3,138.0,8.4,-7.8,,Star,Beat,,,,2.0386044003498576,6.599999999999994,120
2026-08-26 19:37:04,130.6,147.2,149.5,142.1,8.8,-7.8,,Star,Beat,7.2622,48.092,75.8475,1.9014756611081611,11.5,120
2026-08-26 19:37:06,129.1,147.5,149.8,141.5,8.8,-6.6,,Star,Beat,,,,2.0385909561458595,12.400000000000006,120
2026-08-26 19:37:07,130.7,144.9,147.2,135.7,8.4,-7.4,,Star,Beat,,,,2.0977733046222524,5.0,120
2026-08-26 19:37:09,125.9,139.9,142.2,130.7,9.1,-8.4,,Star,Beat,,,,2.464314367513361,4.799999999999983,120
2026-08-26 19:37:14,129.3,148.0,150.4,139.3,9.0,,,Star,Beat,,,,2.1932918575175875,10.0,120
2026-08-26 19:37:16,125.3,144.8,147.1,143.6,9.7,-7.5,,Star,Beat,7.2624,48.092,75.2024,2.1075806087812654,18.30000000000001,120
2026-08-26 19:37:17,127.4,142.6,144.9,136.1,9.3,-7.9,,Star,Beat,,,,2.132221886777735,8.699999999999989,120
2026-08-26 19:37:19,125.4,142.4,144.8,137.8,9.5,-8.7,,Star,Beat,,,,1.8635185133086947,12.400000000000006,120
2026-08-26 19:37:20,123.9,146.1,148.4,133.2,9.5,-10.0,,Star,Beat,7.2625,48.092,75.4914,1.9211770062152413,9.299999999999983,120
2026-08-26 19:37:21,127.9,,,140.7,9.6,-8.3,,Star,Beat,,,,1.9211770062152413,12.799999999999983,120
2026-08-26 19:37:22,130.4,146.3,148.6,136.7,9.4,-7.8,,Star,Beat,,,,2.148707625683126,6.299999999999983,120
2026-08-26 19:37:23,128.3,145.8,148.1,138.4,8.9,-7.7,,Star,Beat,,,,2.075826848248978,10.099999999999994,120
2026-08-26 19:37:24,127.7,147.0,149.3,139.6,8.6,-7.7,,Star,Beat,7.2626,48.092,75.7993,2.0399458512804243,11.899999999999977,120
2026-08-26 19:37:28,126.5,151.8,154.1,139.2,8.5,-7.4,,Star,Beat,,,,2.261802750699782,12.699999999999989,120
2026-08-26 19:37:32,131.0,150.7,153.0,143.5,8.3,-5.9,,Star,Beat,,,,2.900275512893124,12.5,120
2026-08-26 19:37:33,126.5,148.7,151.0,138.6,8.0,-6.6,,Star,Beat,,,,2.821555259340092,12.099999999999994,120
2026-08-26 19:37:34,125.7,148.0,150.3,141.0,7.8,-5.8,,Star,Beat,,,,2.917521426278931,15.300000000000011,120
2026-08-26 19:37:35,124.9,146.9,149.2,139.1,8.2,,,Star,Beat,,,,2.9346608960134475,14.199999999999989,120
2026-08-26 19:37:37,123.7,143.6,145.9,131.5,8.5,-7.3,,Star,Beat,,,,2.7667094552521236,7.800000000000011,120
2026-08-26 19:37:38,123.8,146.2,148.5,131.6,8.7,-7.7,,Star,Beat,,,,2.699547573207117,7.800000000000011,120
2026-08-26 19:37:39,125.1,149.7,152.0,136.2,8.9,-7.5,,Star,Beat,,,,2.6967151102047846,11.099999999999994,120
2026-08-26 19:37:57,133.3,149.1,151.5,141.9,8.8,,,Star,Beat,,,,2.9728047573975225,8.599999999999994,120
2026-08-26 19:37:58,129.3,146.6,148.9,138.0,8.4,-6.6,,Star,Beat,,,,2.7653084005460276,8.699999999999989,120
2026-08-26 19:37:59,129.9,147.0,149.1,141.0,8.1,-7.6,,Star,Beat,,,,2.3096667452944777,11.099999999999994,120
2026-08-26 19:38:00,130.5,148.4,,139.9,8.6,-6.9,,Star,Beat,7.2633,48.092,75.1609,1.829846072296115,9.400000000000006,120
2026-08-26 19:38:01,130.4,,150.9,141.2,8.7,-6.7,,Star,Beat,,,,1.8390323843183185,10.799999999999983,120
2026-08-26 19:39:18,230.6,213.7,217.6,230.9,9.9,8.9,,Port,Beat,,,,2.7477243230982165,0.30000000000001137,210
2026-08-26 19:39:19,232.4,215.0,218.7,234.0,10.1,9.0,,Port,Beat,,,,2.525143885250458,1.5999999999999943,210
2026-08-26 19:39:20,232.8,216.2,220.2,232.5,11.2,9.2,,Port,Beat,7.2648,48.092,71.8859,2.5211705179444532,-0.30000000000001137,210
2026-08-26 19:39:21,234.3,217.6,219.9,231.4,10.6,9.5,,Port,Beat,,,,2.6227416144234534,-2.9000000000000057,210
2026-08-26 19:39:23,234.1,217.7,219.0,232.3,10.1,9.6,,Port,Beat,,,,2.94266636612953,-1.799999999999983,210
2026-08-26 19:39:27,234.4,,218.6,228.9,10.8,10.3,,Port,Beat,,,,2.9970999599185455,-5.5,210
2026-08-26 19:39:29,231.8,213.4,213.2,225.2,10.4,9.8,,Port,Beat,,,,2.98746070283387,-6.600000000000023,210
2026-08-26 19:39:44,235.3,214.9,217.4,233.3,9.8,8.3,,Port,Beat,7.2652,48.092,71.07,2.986549125739977,-2.0,210
2026-08-26 19:39:45,235.5,215.4,,231.3,10.2,9.0,,Port,Beat,,,,2.5233906127211707,-4.199999999999989,210
2026-08-26 19:39:47,234.5,,216.1,228.4,10.3,9.6,,Port,Beat,,,,1.6583647470677738,-6.099999999999994,210
2026-08-26 19:39:48,233.6,213.8,215.5,228.1,10.1,8.4,,Port,Beat,7.2653,48.092,72.16,1.768762306148465,-5.5,210
2026-08-26 19:39:49,232.4,213.4,216.1,228.2,10.0,8.8,,Port,Beat,,,,1.81617000968673,-4.200000000000017,210
2026-08-26 19:39:50,233.2,213.5,218.7,233.2,9.9,,,Port,Beat,,,,2.297651073886919,0.0,210
2026-08-26 19:39:51,235.0,217.1,220.1,231.4,10.0,10.1,,Port,Beat,,,,2.5320008953676263,-3.5999999999999943,210
2026-08-26 19:39:52,236.7,217.4,219.2,232.0,9.5,11.1,,Port,Beat,7.2654,48.092,71.4874,2.5524857136378825,-4.699999999999989,210
2026-08-26 19:39:53,236.0,217.1,218.9,230.1,10.1,11.2,,Port,Beat,,,,2.6360520652130437,-5.900000000000006,210
2026-08-26 19:39:55,235.9,214.7,,230.3,10.7,10.2,,Port,Beat,,,,2.639833299180084,-5.599999999999994,210
2026-08-26 19:39:56,234.4,217.3,219.0,229.1,10.6,8.8,,Port,Beat,7.2655,48.092,71.0573,2.6279655285303742,-5.300000000000011,210
2026-08-26 19:39:57,236.8,,219.5,231.9,10.5,9.3,,Port,Beat,,,,2.5587189038449463,-4.900000000000006,210
2026-08-26 19:39:58,237.6,217.1,223.1,237.4,10.2,,,Port,Beat,,,,2.6689803616679626,-0.19999999999998863,210
2026-08-26 19:39:59,239.6,220.8,224.1,235.7,10.9,10.8,,Port,Beat,,,,2.6195265862977246,-3.9000000000000057,210
2026-08-26 19:40:00,242.1,220.9,224.2,233.8,11.3,11.9,,Port,Beat,7.2656,48.092,72.2249,2.4939391129659993,-8.299999999999983,240
2026-08-26 19:40:01,241.2,222.0,224.9,237.8,10.9,12.9,,Port,Beat,,,,2.5733367673251433,-3.3999999999999773,240
2026-08-26 19:45:40,293.4,293.6,295.4,290.7,12.3,,,Port,Run,7.272,48.092,64.0589,1.9550567146462703,-2.6999999999999886,270
2026-08-26 19:45:42,292.4,292.4,295.5,289.8,13.1,3.5,,Port,Run,,,,1.9893351444986715,-2.599999999999966,270
2026-08-26 19:45:43,293.9,293.1,296.0,290.8,12.7,2.2,,Port,Run,,,,1.955409863888896,-3.099999999999966,270
2026-08-26 19:45:44,293.9,293.3,294.9,292.0,12.7,1.5,,Port,Run,7.2721,48.092,65.187,1.91294681216336,-1.8999999999999773,270
2026-08-26 19:45:45,293.8,293.0,293.9,291.8,12.0,4.0,,Port,Run,,,,1.91294681216336,-2.0,270
2026-08-26 19:45:46,293.1,291.6,292.4,292.1,12.2,5.3,,Port,Run,,,,1.8505014905130157,-1.0,270
2026-08-26 19:45:47,293.8,290.7,291.8,289.9,12.2,5.2,,Port,Run,,,,1.5461686769704044,-3.900000000000034,270
2026-08-26 19:45:48,294.4,289.6,,290.3,12.0,,,Port,Run,7.2722,48.092,66.3477,1.181424429001229,-4.099999999999966,270
2026-08-26 19:45:50,293.1,290.9,292.3,291.5,12.1,5.9,,Port,Run,,,,0.81415108942359,-1.6000000000000227,270
2026-08-26 19:45:51,294.2,,292.8,289.3,12.6,6.6,,Port,Run,,,,0.9044002029745382,-4.899999999999977,270
2026-08-26 19:45:52,295.0,290.0,293.4,294.3,12.3,4.7,,Port,Run,7.2723,48.092,65.6744,0.9044002029745382,-0.6999999999999886,270
2026-08-26 19:45:53,293.9,291.0,294.7,298.2,13.3,5.3,,Port,Run,,,,0.8406394257618525,4.300000000000011,270
2026-08-26 19:45:54,293.6,292.6,293.6,294.5,12.7,6.1,,Port,Run,,,,0.890214190040521,0.8999999999999773,270
2026-08-26 19:45:56,294.6,292.3,295.3,293.9,12.5,3.6,,Port,Run,7.2723,48.092,65.6435,0.8856260765706897,-0.7000000000000455,270
2026-08-26 19:45:57,295.8,293.1,293.6,295.8,12.1,3.3,,Port,Run,,,,0.8515112621649061,0.0,270
2026-08-26 19:45:58,295.2,291.8,,297.3,11.8,6.2,,Port,Run,,,,0.8438646031572364,2.1000000000000227,270
2026-08-26 19:45:59,293.5,291.8,294.0,296.8,12.0,6.0,,Port,Run,,,,0.868736640627672,3.3000000000000114,270
2026-08-26 19:46:00,294.8,290.9,293.3,293.2,11.7,3.5,,Port,Run,7.2724,48.092,66.5987,0.8473251013000207,-1.6000000000000227,270
2026-08-26 19:46:01,295.9,291.2,292.7,291.5,11.2,,,Port,Run,,,,0.9983336538223715,-4.399999999999977,270
2026-08-26 19:46:03,293.1,288.9,292.0,292.5,11.4,6.9,,Port,Run,,,,1.2213172948212554,-0.6000000000000227,270
2026-08-26 19:46:04,292.9,289.6,293.4,293.2,11.8,6.2,,Port,Run,7.2725,48.092,65.8736,1.2601307280546399,0.30000000000001137,270
2026-08-26 19:46:05,294.1,291.1,293.9,290.3,11.4,5.4,,Port,Run,,,,1.2575189795904158,-3.8000000000000114,270
2026-08-26 19:46:06,294.4,291.7,294.3,290.2,11.6,3.4,,Port,Run,,,,1.298715367943061,-4.199999999999989,270
2026-08-26 19:46:07,294.7,292.0,294.0,292.1,11.2,3.0,,Port,Run,,,,1.3937890419402676,-2.599999999999966,270
2026-08-26 19:46:08,294.4,291.7,,293.7,11.0,5.9,,Port,Run,7.2726,48.092,65.9847,1.3362642838617236,-0.6999999999999886,270
2026-08-26 19:46:09,293.4,291.2,294.2,294.9,10.4,,,Port,Run,,,,1.304787922335885,1.5,270
2026-08-26 19:46:10,294.5,293.3,296.0,293.1,10.7,4.6,,Port,Run,,,,1.3391505900066392,-1.3999999999999773,270
2026-08-26 19:46:11,297.0,292.7,293.7,291.8,10.7,2.7,,Port,Run,,,,1.3205746010517627,-5.199999999999989,270
2026-08-26 19:46:13,291.5,288.1,291.3,287.3,10.4,7.7,,Port,Run,,,,1.2525502200198648,-4.199999999999989,270
2026-08-26 19:46:14,292.9,288.8,289.9,289.1,10.4,4.9,,Port,Run,,,,1.2450076394555334,-3.7999999999999545,270
2026-08-26 19:46:15,293.7,287.4,292.3,291.0,10.1,3.4,,Port,Run,,,,1.2828241817183388,-2.6999999999999886,270
2026-08-26 19:46:16,292.3,289.8,292.5,291.4,9.9,,,Port,Run,7.2727,48.092,65.7411,1.284033281454449,-0.9000000000000341,270
2026-08-26 19:46:17,291.8,290.1,293.9,292.4,9.7,2.5,,Port,Run,,,,1.3126729140918416,0.5999999999999659,270
2026-08-26 19:46:18,293.2,291.1,293.5,292.0,9.9,2.7,,Port,Run,,,,1.3126729140915638,-1.1999999999999886,270
2026-08-26 19:46:19,293.2,291.3,,292.0,9.4,2.5,,Port,Run,,,,1.3296728854013222,-1.1999999999999886,270
2026-08-26 19:46:22,295.2,,294.0,293.3,9.1,3.5,,Port,Run,,,,1.7757763890537808,-1.8999999999999773,270
2026-08-26 19:46:23,294.7,292.1,293.1,292.9,8.9,,,Port,Run,,,,2.100382309346239,-1.8000000000000114,270
2026-08-26 19:46:24,293.6,290.6,294.2,294.6,8.9,6.0,,Port,Run,7.2729,48.092,66.2814,2.3094024942531215,1.0,270
2026-08-26 19:46:25,295.4,291.9,293.5,292.1,9.2,3.9,,Port,Run,,,,2.323805845452032,-3.2999999999999545,270
2026-08-26 19:46:26,294.2,291.4,294.1,291.1,9.0,1.4,,Port,Run,,,,2.6178472680547498,-3.099999999999966,270
2026-08-26 19:46:28,294.7,292.5,293.7,293.3,9.0,5.2,,Port,Run,7.273,48.092,66.7786,2.771565043294893,-1.3999999999999773,270
2026-08-26 19:46:29,294.9,291.4,,293.3,8.5,3.9,,Port,Run,,,,2.7494154154338792,-1.599999999999966,270
2026-08-26 19:46:30,294.1,293.2,296.3,293.3,9.2,,,Port,Run,,,,2.6278899937087434,-0.8000000000000114,270
2026-08-26 19:46:31,297.4,296.3,299.2,295.9,9.4,0.3,,Port,Run,,,,2.6226117603500705,-1.5,270
2026-08-26 19:46:32,298.8,,300.7,299.6,8.8,0.5,,Port,Run,7.273,48.092,65.8498,2.5720783363755646,0.8000000000000114,270
2026-08-26 19:46:33,299.5,298.0,301.3,300.4,8.5,1.3,,Port,Run,,,,2.731573600141295,0.8999999999999773,270
2026-08-26 19:46:34,299.9,299.0,301.9,300.8,8.7,1.7,,Port,Run,,,,2.7037394349189072,0.9000000000000341,270
2026-08-26 19:46:51,306.5,309.0,311.7,308.6,9.1,1.7,,Port,Run,,,,2.631035612821813,2.1000000000000227,300
